-- phpMyAdmin SQL Dump
-- version 5.2.1
-- https://www.phpmyadmin.net/
--
-- Servidor: 127.0.0.1
-- Tiempo de generación: 09-09-2025 a las 18:05:48
-- Versión del servidor: 10.4.32-MariaDB
-- Versión de PHP: 8.2.12

SET SQL_MODE = "NO_AUTO_VALUE_ON_ZERO";
START TRANSACTION;
SET time_zone = "+00:00";


/*!40101 SET @OLD_CHARACTER_SET_CLIENT=@@CHARACTER_SET_CLIENT */;
/*!40101 SET @OLD_CHARACTER_SET_RESULTS=@@CHARACTER_SET_RESULTS */;
/*!40101 SET @OLD_COLLATION_CONNECTION=@@COLLATION_CONNECTION */;
/*!40101 SET NAMES utf8mb4 */;

--
-- Base de datos: `gorav2`
--

DELIMITER $$
--
-- Procedimientos
--
CREATE DEFINER=`root`@`localhost` PROCEDURE `PoblarAlumnosPorGrupo` ()   BEGIN
    DECLARE g INT;
    DECLARE i INT;
    DECLARE total_grupos INT;
    DECLARE carrera_id INT;

    -- Contar grupos existentes
    SELECT COUNT(*) INTO total_grupos FROM grupos;

    SET g = 1;

    WHILE g <= total_grupos DO
        -- Obtener la carrera asociada al grupo actual
        SELECT carreras_id_carrera INTO carrera_id FROM grupos WHERE id_grupo = g;

        SET i = 1;
        WHILE i <= 100 DO
            INSERT INTO alumnos (
                matricula, nombre, apellido_paterno, apellido_materno,
                estatus, carreras_id_carrera, grupos_id_grupo, usuarios_id_usuario_movimiento
            ) VALUES (
                CONCAT('2025', LPAD((g*1000)+i, 5, '0')),  -- Matrícula única por grupo
                CONCAT('Alumno', g, '_', i),              -- Nombre simulado
                CONCAT('ApellidoP', i),
                CONCAT('ApellidoM', i),
                1,                                       -- Activo
                carrera_id,                               -- Carrera ligada al grupo
                g,                                        -- Grupo actual
                1                                        -- Usuario admin que hace el movimiento
            );

            SET i = i + 1;
        END WHILE;

        SET g = g + 1;
    END WHILE;
END$$

DELIMITER ;

-- --------------------------------------------------------

--
-- Estructura de tabla para la tabla `alumnos`
--

CREATE TABLE `alumnos` (
  `id_alumno` int(10) UNSIGNED NOT NULL,
  `matricula` varchar(20) NOT NULL,
  `nombre` varchar(120) NOT NULL,
  `apellido_paterno` varchar(60) NOT NULL,
  `apellido_materno` varchar(60) DEFAULT NULL,
  `estatus` tinyint(4) NOT NULL DEFAULT 1 COMMENT '1=Activo, 0=Inactivo, 2=Egresado, 3=Baja',
  `fecha_creacion` date NOT NULL DEFAULT current_timestamp(),
  `fecha_movimiento` timestamp NOT NULL DEFAULT current_timestamp() ON UPDATE current_timestamp(),
  `usuarios_id_usuario_movimiento` int(10) UNSIGNED DEFAULT NULL,
  `carreras_id_carrera` int(10) UNSIGNED NOT NULL,
  `grupos_id_grupo` int(10) UNSIGNED DEFAULT NULL
) ENGINE=InnoDB DEFAULT CHARSET=utf8mb4 COLLATE=utf8mb4_unicode_ci;

--
-- Volcado de datos para la tabla `alumnos`
--

INSERT INTO `alumnos` (`id_alumno`, `matricula`, `nombre`, `apellido_paterno`, `apellido_materno`, `estatus`, `fecha_creacion`, `fecha_movimiento`, `usuarios_id_usuario_movimiento`, `carreras_id_carrera`, `grupos_id_grupo`) VALUES
(2, '20250002', 'Maria', 'López', 'Fernández', 1, '2025-09-03', '2025-09-03 19:35:01', 1, 1, 2),
(3, '20250003', 'Pedro', 'Sánchez', 'Ramírez', 1, '2025-09-03', '2025-09-03 19:35:01', 1, 2, 3),
(4, '20250004', 'Luisa', 'Morales', 'Jiménez', 2, '2025-09-03', '2025-09-03 19:35:01', 1, 3, 4),
(5, '202501001', 'Alumno1_1', 'ApellidoP1', 'ApellidoM1', 0, '2025-09-03', '2025-09-09 17:05:56', 10, 1, 1),
(6, '202501002', 'Alumno1_2', 'ApellidoP2', 'ApellidoM2', 1, '2025-09-03', '2025-09-03 19:55:50', 1, 1, 1),
(7, '202501003', 'Alumno1_3', 'ApellidoP3', 'ApellidoM3', 1, '2025-09-03', '2025-09-03 19:55:50', 1, 1, 1),
(8, '202501004', 'Alumno1_4', 'ApellidoP4', 'ApellidoM4', 1, '2025-09-03', '2025-09-03 19:55:50', 1, 1, 1),
(9, '202501005', 'Alumno1_5', 'ApellidoP5', 'ApellidoM5', 1, '2025-09-03', '2025-09-03 19:55:50', 1, 1, 1),
(10, '202501006', 'Alumno1_6', 'ApellidoP6', 'ApellidoM6', 1, '2025-09-03', '2025-09-03 19:55:50', 1, 1, 1),
(11, '202501007', 'Alumno1_73', 'ApellidoP7', 'ApellidoM7', 1, '2025-09-03', '2025-09-09 04:43:16', 10, 1, 1),
(12, '202501008', 'Alumno1_8', 'ApellidoP8', 'ApellidoM8', 1, '2025-09-03', '2025-09-03 19:55:50', 1, 1, 1),
(13, '202501009', 'Alumno1_9', 'ApellidoP9', 'ApellidoM9', 1, '2025-09-03', '2025-09-03 19:55:50', 1, 1, 1),
(14, '202501010', 'Alumno1_10', 'ApellidoP10', 'ApellidoM10', 1, '2025-09-03', '2025-09-03 19:55:50', 1, 1, 1),
(15, '202501011', 'Alumno1_11', 'ApellidoP11', 'ApellidoM11', 1, '2025-09-03', '2025-09-03 19:55:50', 1, 1, 1),
(16, '202501012', 'Alumno1_12', 'ApellidoP12', 'ApellidoM12', 1, '2025-09-03', '2025-09-03 19:55:50', 1, 1, 1),
(17, '202501013', 'Alumno1_13', 'ApellidoP13', 'ApellidoM13', 1, '2025-09-03', '2025-09-03 19:55:50', 1, 1, 1),
(18, '202501014', 'Alumno1_14', 'ApellidoP14', 'ApellidoM14', 1, '2025-09-03', '2025-09-03 19:55:50', 1, 1, 1),
(19, '202501015', 'Alumno1_15', 'ApellidoP15', 'ApellidoM15', 1, '2025-09-03', '2025-09-03 19:55:50', 1, 1, 1),
(20, '202501016', 'Alumno1_16', 'ApellidoP16', 'ApellidoM16', 1, '2025-09-03', '2025-09-03 19:55:50', 1, 1, 1),
(21, '202501017', 'Alumno1_17', 'ApellidoP17', 'ApellidoM17', 1, '2025-09-03', '2025-09-03 19:55:50', 1, 1, 1),
(22, '202501018', 'Alumno1_18', 'ApellidoP18', 'ApellidoM18', 1, '2025-09-03', '2025-09-03 19:55:50', 1, 1, 1),
(23, '202501019', 'Alumno1_19', 'ApellidoP19', 'ApellidoM19', 1, '2025-09-03', '2025-09-03 19:55:50', 1, 1, 1),
(24, '202501020', 'Alumno1_20', 'ApellidoP20', 'ApellidoM20', 1, '2025-09-03', '2025-09-03 19:55:50', 1, 1, 1),
(25, '202501021', 'Alumno1_21', 'ApellidoP21', 'ApellidoM21', 1, '2025-09-03', '2025-09-03 19:55:50', 1, 1, 1),
(26, '202501022', 'Alumno1_22', 'ApellidoP22', 'ApellidoM22', 1, '2025-09-03', '2025-09-03 19:55:50', 1, 1, 1),
(27, '202501023', 'Alumno1_23', 'ApellidoP23', 'ApellidoM23', 1, '2025-09-03', '2025-09-03 19:55:50', 1, 1, 1),
(28, '202501024', 'Alumno1_24', 'ApellidoP24', 'ApellidoM24', 1, '2025-09-03', '2025-09-03 19:55:50', 1, 1, 1),
(29, '202501025', 'Alumno1_25', 'ApellidoP25', 'ApellidoM25', 1, '2025-09-03', '2025-09-03 19:55:50', 1, 1, 1),
(30, '202501026', 'Alumno1_26', 'ApellidoP26', 'ApellidoM26', 1, '2025-09-03', '2025-09-03 19:55:50', 1, 1, 1),
(31, '202501027', 'Alumno1_27', 'ApellidoP27', 'ApellidoM27', 1, '2025-09-03', '2025-09-03 19:55:50', 1, 1, 1),
(32, '202501028', 'Alumno1_28', 'ApellidoP28', 'ApellidoM28', 1, '2025-09-03', '2025-09-03 19:55:50', 1, 1, 1),
(33, '202501029', 'Alumno1_29', 'ApellidoP29', 'ApellidoM29', 1, '2025-09-03', '2025-09-03 19:55:50', 1, 1, 1),
(34, '202501030', 'Alumno1_30', 'ApellidoP30', 'ApellidoM30', 1, '2025-09-03', '2025-09-03 19:55:50', 1, 1, 1),
(35, '202501031', 'Alumno1_31', 'ApellidoP31', 'ApellidoM31', 1, '2025-09-03', '2025-09-03 19:55:50', 1, 1, 1),
(36, '202501032', 'Alumno1_32', 'ApellidoP32', 'ApellidoM32', 1, '2025-09-03', '2025-09-03 19:55:50', 1, 1, 1),
(37, '202501033', 'Alumno1_33', 'ApellidoP33', 'ApellidoM33', 1, '2025-09-03', '2025-09-03 19:55:50', 1, 1, 1),
(38, '202501034', 'Alumno1_34', 'ApellidoP34', 'ApellidoM34', 1, '2025-09-03', '2025-09-03 19:55:50', 1, 1, 1),
(39, '202501035', 'Alumno1_35', 'ApellidoP35', 'ApellidoM35', 1, '2025-09-03', '2025-09-03 19:55:50', 1, 1, 1),
(40, '202501036', 'Alumno1_36', 'ApellidoP36', 'ApellidoM36', 1, '2025-09-03', '2025-09-03 19:55:50', 1, 1, 1),
(41, '202501037', 'Alumno1_37', 'ApellidoP37', 'ApellidoM37', 1, '2025-09-03', '2025-09-03 19:55:50', 1, 1, 1),
(42, '202501038', 'Alumno1_38', 'ApellidoP38', 'ApellidoM38', 1, '2025-09-03', '2025-09-03 19:55:50', 1, 1, 1),
(43, '202501039', 'Alumno1_39', 'ApellidoP39', 'ApellidoM39', 1, '2025-09-03', '2025-09-03 19:55:50', 1, 1, 1),
(44, '202501040', 'Alumno1_40', 'ApellidoP40', 'ApellidoM40', 1, '2025-09-03', '2025-09-03 19:55:50', 1, 1, 1),
(45, '202501041', 'Alumno1_41', 'ApellidoP41', 'ApellidoM41', 1, '2025-09-03', '2025-09-03 19:55:50', 1, 1, 1),
(46, '202501042', 'Alumno1_42', 'ApellidoP42', 'ApellidoM42', 1, '2025-09-03', '2025-09-03 19:55:50', 1, 1, 1),
(47, '202501043', 'Alumno1_43', 'ApellidoP43', 'ApellidoM43', 1, '2025-09-03', '2025-09-03 19:55:50', 1, 1, 1),
(48, '202501044', 'Alumno1_44', 'ApellidoP44', 'ApellidoM44', 1, '2025-09-03', '2025-09-03 19:55:50', 1, 1, 1),
(49, '202501045', 'Alumno1_45', 'ApellidoP45', 'ApellidoM45', 1, '2025-09-03', '2025-09-03 19:55:50', 1, 1, 1),
(50, '202501046', 'Alumno1_46', 'ApellidoP46', 'ApellidoM46', 1, '2025-09-03', '2025-09-03 19:55:50', 1, 1, 1),
(51, '202501047', 'Alumno1_47', 'ApellidoP47', 'ApellidoM47', 1, '2025-09-03', '2025-09-03 19:55:50', 1, 1, 1),
(52, '202501048', 'Alumno1_48', 'ApellidoP48', 'ApellidoM48', 1, '2025-09-03', '2025-09-03 19:55:50', 1, 1, 1),
(53, '202501049', 'Alumno1_49', 'ApellidoP49', 'ApellidoM49', 1, '2025-09-03', '2025-09-03 19:55:50', 1, 1, 1),
(54, '202501050', 'Alumno1_50', 'ApellidoP50', 'ApellidoM50', 1, '2025-09-03', '2025-09-03 19:55:50', 1, 1, 1),
(55, '202501051', 'Alumno1_51', 'ApellidoP51', 'ApellidoM51', 1, '2025-09-03', '2025-09-03 19:55:50', 1, 1, 1),
(56, '202501052', 'Alumno1_52', 'ApellidoP52', 'ApellidoM52', 1, '2025-09-03', '2025-09-03 19:55:50', 1, 1, 1),
(57, '202501053', 'Alumno1_53', 'ApellidoP53', 'ApellidoM53', 1, '2025-09-03', '2025-09-03 19:55:50', 1, 1, 1),
(58, '202501054', 'Alumno1_54', 'ApellidoP54', 'ApellidoM54', 1, '2025-09-03', '2025-09-03 19:55:50', 1, 1, 1),
(59, '202501055', 'Alumno1_55', 'ApellidoP55', 'ApellidoM55', 1, '2025-09-03', '2025-09-03 19:55:50', 1, 1, 1),
(60, '202501056', 'Alumno1_56', 'ApellidoP56', 'ApellidoM56', 1, '2025-09-03', '2025-09-03 19:55:50', 1, 1, 1),
(61, '202501057', 'Alumno1_57', 'ApellidoP57', 'ApellidoM57', 1, '2025-09-03', '2025-09-03 19:55:50', 1, 1, 1),
(62, '202501058', 'Alumno1_58', 'ApellidoP58', 'ApellidoM58', 1, '2025-09-03', '2025-09-03 19:55:50', 1, 1, 1),
(63, '202501059', 'Alumno1_59', 'ApellidoP59', 'ApellidoM59', 1, '2025-09-03', '2025-09-03 19:55:50', 1, 1, 1),
(64, '202501060', 'Alumno1_60', 'ApellidoP60', 'ApellidoM60', 1, '2025-09-03', '2025-09-03 19:55:50', 1, 1, 1),
(65, '202501061', 'Alumno1_61', 'ApellidoP61', 'ApellidoM61', 1, '2025-09-03', '2025-09-03 19:55:50', 1, 1, 1),
(66, '202501062', 'Alumno1_62', 'ApellidoP62', 'ApellidoM62', 1, '2025-09-03', '2025-09-03 19:55:50', 1, 1, 1),
(67, '202501063', 'Alumno1_63', 'ApellidoP63', 'ApellidoM63', 1, '2025-09-03', '2025-09-03 19:55:50', 1, 1, 1),
(68, '202501064', 'Alumno1_64', 'ApellidoP64', 'ApellidoM64', 1, '2025-09-03', '2025-09-03 19:55:50', 1, 1, 1),
(69, '202501065', 'Alumno1_65', 'ApellidoP65', 'ApellidoM65', 1, '2025-09-03', '2025-09-03 19:55:50', 1, 1, 1),
(70, '202501066', 'Alumno1_66', 'ApellidoP66', 'ApellidoM66', 1, '2025-09-03', '2025-09-03 19:55:50', 1, 1, 1),
(71, '202501067', 'Alumno1_67', 'ApellidoP67', 'ApellidoM67', 1, '2025-09-03', '2025-09-03 19:55:50', 1, 1, 1),
(72, '202501068', 'Alumno1_68', 'ApellidoP68', 'ApellidoM68', 1, '2025-09-03', '2025-09-03 19:55:50', 1, 1, 1),
(73, '202501069', 'Alumno1_69', 'ApellidoP69', 'ApellidoM69', 1, '2025-09-03', '2025-09-03 19:55:50', 1, 1, 1),
(74, '202501070', 'Alumno1_70', 'ApellidoP70', 'ApellidoM70', 1, '2025-09-03', '2025-09-03 19:55:50', 1, 1, 1),
(75, '202501071', 'Alumno1_71', 'ApellidoP71', 'ApellidoM71', 1, '2025-09-03', '2025-09-03 19:55:50', 1, 1, 1),
(76, '202501072', 'Alumno1_72', 'ApellidoP72', 'ApellidoM72', 1, '2025-09-03', '2025-09-03 19:55:50', 1, 1, 1),
(77, '202501073', 'Alumno1_73', 'ApellidoP73', 'ApellidoM73', 1, '2025-09-03', '2025-09-03 19:55:50', 1, 1, 1),
(78, '202501074', 'Alumno1_74', 'ApellidoP74', 'ApellidoM74', 1, '2025-09-03', '2025-09-03 19:55:50', 1, 1, 1),
(79, '202501075', 'Alumno1_75', 'ApellidoP75', 'ApellidoM75', 1, '2025-09-03', '2025-09-03 19:55:50', 1, 1, 1),
(80, '202501076', 'Alumno1_76', 'ApellidoP76', 'ApellidoM76', 1, '2025-09-03', '2025-09-03 19:55:50', 1, 1, 1),
(81, '202501077', 'Alumno1_77', 'ApellidoP77', 'ApellidoM77', 1, '2025-09-03', '2025-09-03 19:55:50', 1, 1, 1),
(82, '202501078', 'Alumno1_78', 'ApellidoP78', 'ApellidoM78', 1, '2025-09-03', '2025-09-03 19:55:50', 1, 1, 1),
(83, '202501079', 'Alumno1_79', 'ApellidoP79', 'ApellidoM79', 1, '2025-09-03', '2025-09-03 19:55:50', 1, 1, 1),
(84, '202501080', 'Alumno1_80', 'ApellidoP80', 'ApellidoM80', 1, '2025-09-03', '2025-09-03 19:55:50', 1, 1, 1),
(85, '202501081', 'Alumno1_81', 'ApellidoP81', 'ApellidoM81', 1, '2025-09-03', '2025-09-03 19:55:50', 1, 1, 1),
(86, '202501082', 'Alumno1_82', 'ApellidoP82', 'ApellidoM82', 1, '2025-09-03', '2025-09-03 19:55:50', 1, 1, 1),
(87, '202501083', 'Alumno1_83', 'ApellidoP83', 'ApellidoM83', 1, '2025-09-03', '2025-09-03 19:55:50', 1, 1, 1),
(88, '202501084', 'Alumno1_84', 'ApellidoP84', 'ApellidoM84', 1, '2025-09-03', '2025-09-03 19:55:50', 1, 1, 1),
(89, '202501085', 'Alumno1_85', 'ApellidoP85', 'ApellidoM85', 1, '2025-09-03', '2025-09-03 19:55:50', 1, 1, 1),
(90, '202501086', 'Alumno1_86', 'ApellidoP86', 'ApellidoM86', 1, '2025-09-03', '2025-09-03 19:55:50', 1, 1, 1),
(91, '202501087', 'Alumno1_87', 'ApellidoP87', 'ApellidoM87', 1, '2025-09-03', '2025-09-03 19:55:50', 1, 1, 1),
(92, '202501088', 'Alumno1_88', 'ApellidoP88', 'ApellidoM88', 1, '2025-09-03', '2025-09-03 19:55:50', 1, 1, 1),
(93, '202501089', 'Alumno1_89', 'ApellidoP89', 'ApellidoM89', 1, '2025-09-03', '2025-09-03 19:55:50', 1, 1, 1),
(94, '202501090', 'Alumno1_90', 'ApellidoP90', 'ApellidoM90', 1, '2025-09-03', '2025-09-03 19:55:50', 1, 1, 1),
(95, '202501091', 'Alumno1_91', 'ApellidoP91', 'ApellidoM91', 1, '2025-09-03', '2025-09-03 19:55:50', 1, 1, 1),
(96, '202501092', 'Alumno1_92', 'ApellidoP92', 'ApellidoM92', 1, '2025-09-03', '2025-09-03 19:55:50', 1, 1, 1),
(97, '202501093', 'Alumno1_93', 'ApellidoP93', 'ApellidoM93', 1, '2025-09-03', '2025-09-03 19:55:50', 1, 1, 1),
(98, '202501094', 'Alumno1_94', 'ApellidoP94', 'ApellidoM94', 1, '2025-09-03', '2025-09-03 19:55:50', 1, 1, 1),
(99, '202501095', 'Alumno1_95', 'ApellidoP95', 'ApellidoM95', 1, '2025-09-03', '2025-09-03 19:55:50', 1, 1, 1),
(100, '202501096', 'Alumno1_96', 'ApellidoP96', 'ApellidoM96', 1, '2025-09-03', '2025-09-03 19:55:50', 1, 1, 1),
(101, '202501097', 'Alumno1_97', 'ApellidoP97', 'ApellidoM97', 1, '2025-09-03', '2025-09-03 19:55:50', 1, 1, 1),
(102, '202501098', 'Alumno1_98', 'ApellidoP98', 'ApellidoM98', 1, '2025-09-03', '2025-09-03 19:55:50', 1, 1, 1),
(103, '202501099', 'Alumno1_99', 'ApellidoP99', 'ApellidoM99', 1, '2025-09-03', '2025-09-03 19:55:50', 1, 1, 1),
(104, '202501100', 'Alumno1_100', 'ApellidoP100', 'ApellidoM100', 1, '2025-09-03', '2025-09-03 19:55:50', 1, 1, 1),
(105, '202502001', 'Alumno2_1', 'ApellidoP1', 'ApellidoM1', 1, '2025-09-03', '2025-09-03 19:55:50', 1, 1, 2),
(106, '202502002', 'Alumno2_2', 'ApellidoP2', 'ApellidoM2', 1, '2025-09-03', '2025-09-03 19:55:50', 1, 1, 2),
(107, '202502003', 'Alumno2_3', 'ApellidoP3', 'ApellidoM3', 1, '2025-09-03', '2025-09-03 19:55:50', 1, 1, 2),
(108, '202502004', 'Alumno2_4', 'ApellidoP4', 'ApellidoM4', 1, '2025-09-03', '2025-09-03 19:55:50', 1, 1, 2),
(109, '202502005', 'Alumno2_5', 'ApellidoP5', 'ApellidoM5', 1, '2025-09-03', '2025-09-03 19:55:50', 1, 1, 2),
(110, '202502006', 'Alumno2_6', 'ApellidoP6', 'ApellidoM6', 1, '2025-09-03', '2025-09-03 19:55:50', 1, 1, 2),
(111, '202502007', 'Alumno2_7', 'ApellidoP7', 'ApellidoM7', 1, '2025-09-03', '2025-09-03 19:55:50', 1, 1, 2),
(112, '202502008', 'Alumno2_8', 'ApellidoP8', 'ApellidoM8', 1, '2025-09-03', '2025-09-03 19:55:50', 1, 1, 2),
(113, '202502009', 'Alumno2_9', 'ApellidoP9', 'ApellidoM9', 1, '2025-09-03', '2025-09-03 19:55:50', 1, 1, 2),
(114, '202502010', 'Alumno2_10', 'ApellidoP10', 'ApellidoM10', 1, '2025-09-03', '2025-09-03 19:55:50', 1, 1, 2),
(115, '202502011', 'Alumno2_11', 'ApellidoP11', 'ApellidoM11', 1, '2025-09-03', '2025-09-03 19:55:50', 1, 1, 2),
(116, '202502012', 'Alumno2_12', 'ApellidoP12', 'ApellidoM12', 1, '2025-09-03', '2025-09-03 19:55:50', 1, 1, 2),
(117, '202502013', 'Alumno2_13', 'ApellidoP13', 'ApellidoM13', 1, '2025-09-03', '2025-09-03 19:55:50', 1, 1, 2),
(118, '202502014', 'Alumno2_14', 'ApellidoP14', 'ApellidoM14', 1, '2025-09-03', '2025-09-03 19:55:50', 1, 1, 2),
(119, '202502015', 'Alumno2_15', 'ApellidoP15', 'ApellidoM15', 1, '2025-09-03', '2025-09-03 19:55:50', 1, 1, 2),
(120, '202502016', 'Alumno2_16', 'ApellidoP16', 'ApellidoM16', 1, '2025-09-03', '2025-09-03 19:55:50', 1, 1, 2),
(121, '202502017', 'Alumno2_17', 'ApellidoP17', 'ApellidoM17', 1, '2025-09-03', '2025-09-03 19:55:50', 1, 1, 2),
(122, '202502018', 'Alumno2_18', 'ApellidoP18', 'ApellidoM18', 1, '2025-09-03', '2025-09-03 19:55:50', 1, 1, 2),
(123, '202502019', 'Alumno2_19', 'ApellidoP19', 'ApellidoM19', 1, '2025-09-03', '2025-09-03 19:55:50', 1, 1, 2),
(124, '202502020', 'Alumno2_20', 'ApellidoP20', 'ApellidoM20', 1, '2025-09-03', '2025-09-03 19:55:50', 1, 1, 2),
(125, '202502021', 'Alumno2_21', 'ApellidoP21', 'ApellidoM21', 1, '2025-09-03', '2025-09-03 19:55:50', 1, 1, 2),
(126, '202502022', 'Alumno2_22', 'ApellidoP22', 'ApellidoM22', 1, '2025-09-03', '2025-09-03 19:55:50', 1, 1, 2),
(127, '202502023', 'Alumno2_23', 'ApellidoP23', 'ApellidoM23', 1, '2025-09-03', '2025-09-03 19:55:50', 1, 1, 2),
(128, '202502024', 'Alumno2_24', 'ApellidoP24', 'ApellidoM24', 1, '2025-09-03', '2025-09-03 19:55:50', 1, 1, 2),
(129, '202502025', 'Alumno2_25', 'ApellidoP25', 'ApellidoM25', 1, '2025-09-03', '2025-09-03 19:55:50', 1, 1, 2),
(130, '202502026', 'Alumno2_26', 'ApellidoP26', 'ApellidoM26', 1, '2025-09-03', '2025-09-03 19:55:50', 1, 1, 2),
(131, '202502027', 'Alumno2_27', 'ApellidoP27', 'ApellidoM27', 1, '2025-09-03', '2025-09-03 19:55:50', 1, 1, 2),
(132, '202502028', 'Alumno2_28', 'ApellidoP28', 'ApellidoM28', 1, '2025-09-03', '2025-09-03 19:55:50', 1, 1, 2),
(133, '202502029', 'Alumno2_29', 'ApellidoP29', 'ApellidoM29', 1, '2025-09-03', '2025-09-03 19:55:50', 1, 1, 2),
(134, '202502030', 'Alumno2_30', 'ApellidoP30', 'ApellidoM30', 1, '2025-09-03', '2025-09-03 19:55:50', 1, 1, 2),
(135, '202502031', 'Alumno2_31', 'ApellidoP31', 'ApellidoM31', 1, '2025-09-03', '2025-09-03 19:55:50', 1, 1, 2),
(136, '202502032', 'Alumno2_32', 'ApellidoP32', 'ApellidoM32', 1, '2025-09-03', '2025-09-03 19:55:50', 1, 1, 2),
(137, '202502033', 'Alumno2_33', 'ApellidoP33', 'ApellidoM33', 1, '2025-09-03', '2025-09-03 19:55:50', 1, 1, 2),
(138, '202502034', 'Alumno2_34', 'ApellidoP34', 'ApellidoM34', 1, '2025-09-03', '2025-09-03 19:55:50', 1, 1, 2),
(139, '202502035', 'Alumno2_35', 'ApellidoP35', 'ApellidoM35', 1, '2025-09-03', '2025-09-03 19:55:50', 1, 1, 2),
(140, '202502036', 'Alumno2_36', 'ApellidoP36', 'ApellidoM36', 1, '2025-09-03', '2025-09-03 19:55:50', 1, 1, 2),
(141, '202502037', 'Alumno2_37', 'ApellidoP37', 'ApellidoM37', 1, '2025-09-03', '2025-09-03 19:55:50', 1, 1, 2),
(142, '202502038', 'Alumno2_38', 'ApellidoP38', 'ApellidoM38', 1, '2025-09-03', '2025-09-03 19:55:50', 1, 1, 2),
(143, '202502039', 'Alumno2_39', 'ApellidoP39', 'ApellidoM39', 1, '2025-09-03', '2025-09-03 19:55:50', 1, 1, 2),
(144, '202502040', 'Alumno2_40', 'ApellidoP40', 'ApellidoM40', 1, '2025-09-03', '2025-09-03 19:55:50', 1, 1, 2),
(145, '202502041', 'Alumno2_41', 'ApellidoP41', 'ApellidoM41', 1, '2025-09-03', '2025-09-03 19:55:50', 1, 1, 2),
(146, '202502042', 'Alumno2_42', 'ApellidoP42', 'ApellidoM42', 1, '2025-09-03', '2025-09-03 19:55:50', 1, 1, 2),
(147, '202502043', 'Alumno2_43', 'ApellidoP43', 'ApellidoM43', 1, '2025-09-03', '2025-09-03 19:55:50', 1, 1, 2),
(148, '202502044', 'Alumno2_44', 'ApellidoP44', 'ApellidoM44', 1, '2025-09-03', '2025-09-03 19:55:50', 1, 1, 2),
(149, '202502045', 'Alumno2_45', 'ApellidoP45', 'ApellidoM45', 1, '2025-09-03', '2025-09-03 19:55:50', 1, 1, 2),
(150, '202502046', 'Alumno2_46', 'ApellidoP46', 'ApellidoM46', 1, '2025-09-03', '2025-09-03 19:55:50', 1, 1, 2),
(151, '202502047', 'Alumno2_47', 'ApellidoP47', 'ApellidoM47', 1, '2025-09-03', '2025-09-03 19:55:50', 1, 1, 2),
(152, '202502048', 'Alumno2_48', 'ApellidoP48', 'ApellidoM48', 1, '2025-09-03', '2025-09-03 19:55:50', 1, 1, 2),
(153, '202502049', 'Alumno2_49', 'ApellidoP49', 'ApellidoM49', 1, '2025-09-03', '2025-09-03 19:55:50', 1, 1, 2),
(154, '202502050', 'Alumno2_50', 'ApellidoP50', 'ApellidoM50', 1, '2025-09-03', '2025-09-03 19:55:50', 1, 1, 2),
(155, '202502051', 'Alumno2_51', 'ApellidoP51', 'ApellidoM51', 1, '2025-09-03', '2025-09-03 19:55:50', 1, 1, 2),
(156, '202502052', 'Alumno2_52', 'ApellidoP52', 'ApellidoM52', 1, '2025-09-03', '2025-09-03 19:55:50', 1, 1, 2),
(157, '202502053', 'Alumno2_53', 'ApellidoP53', 'ApellidoM53', 1, '2025-09-03', '2025-09-03 19:55:50', 1, 1, 2),
(158, '202502054', 'Alumno2_54', 'ApellidoP54', 'ApellidoM54', 1, '2025-09-03', '2025-09-03 19:55:50', 1, 1, 2),
(159, '202502055', 'Alumno2_55', 'ApellidoP55', 'ApellidoM55', 1, '2025-09-03', '2025-09-03 19:55:50', 1, 1, 2),
(160, '202502056', 'Alumno2_56', 'ApellidoP56', 'ApellidoM56', 1, '2025-09-03', '2025-09-03 19:55:50', 1, 1, 2),
(161, '202502057', 'Alumno2_57', 'ApellidoP57', 'ApellidoM57', 1, '2025-09-03', '2025-09-03 19:55:50', 1, 1, 2),
(162, '202502058', 'Alumno2_58', 'ApellidoP58', 'ApellidoM58', 1, '2025-09-03', '2025-09-03 19:55:50', 1, 1, 2),
(163, '202502059', 'Alumno2_59', 'ApellidoP59', 'ApellidoM59', 1, '2025-09-03', '2025-09-03 19:55:50', 1, 1, 2),
(164, '202502060', 'Alumno2_60', 'ApellidoP60', 'ApellidoM60', 1, '2025-09-03', '2025-09-03 19:55:50', 1, 1, 2),
(165, '202502061', 'Alumno2_61', 'ApellidoP61', 'ApellidoM61', 1, '2025-09-03', '2025-09-03 19:55:50', 1, 1, 2),
(166, '202502062', 'Alumno2_62', 'ApellidoP62', 'ApellidoM62', 1, '2025-09-03', '2025-09-03 19:55:50', 1, 1, 2),
(167, '202502063', 'Alumno2_63', 'ApellidoP63', 'ApellidoM63', 1, '2025-09-03', '2025-09-03 19:55:50', 1, 1, 2),
(168, '202502064', 'Alumno2_64', 'ApellidoP64', 'ApellidoM64', 1, '2025-09-03', '2025-09-03 19:55:50', 1, 1, 2),
(169, '202502065', 'Alumno2_65', 'ApellidoP65', 'ApellidoM65', 1, '2025-09-03', '2025-09-03 19:55:50', 1, 1, 2),
(170, '202502066', 'Alumno2_66', 'ApellidoP66', 'ApellidoM66', 1, '2025-09-03', '2025-09-03 19:55:50', 1, 1, 2),
(171, '202502067', 'Alumno2_67', 'ApellidoP67', 'ApellidoM67', 1, '2025-09-03', '2025-09-03 19:55:50', 1, 1, 2),
(172, '202502068', 'Alumno2_68', 'ApellidoP68', 'ApellidoM68', 1, '2025-09-03', '2025-09-03 19:55:50', 1, 1, 2),
(173, '202502069', 'Alumno2_69', 'ApellidoP69', 'ApellidoM69', 1, '2025-09-03', '2025-09-03 19:55:50', 1, 1, 2),
(174, '202502070', 'Alumno2_70', 'ApellidoP70', 'ApellidoM70', 1, '2025-09-03', '2025-09-03 19:55:50', 1, 1, 2),
(175, '202502071', 'Alumno2_71', 'ApellidoP71', 'ApellidoM71', 1, '2025-09-03', '2025-09-03 19:55:50', 1, 1, 2),
(176, '202502072', 'Alumno2_72', 'ApellidoP72', 'ApellidoM72', 1, '2025-09-03', '2025-09-03 19:55:50', 1, 1, 2),
(177, '202502073', 'Alumno2_73', 'ApellidoP73', 'ApellidoM73', 1, '2025-09-03', '2025-09-03 19:55:50', 1, 1, 2),
(178, '202502074', 'Alumno2_74', 'ApellidoP74', 'ApellidoM74', 1, '2025-09-03', '2025-09-03 19:55:50', 1, 1, 2),
(179, '202502075', 'Alumno2_75', 'ApellidoP75', 'ApellidoM75', 1, '2025-09-03', '2025-09-03 19:55:50', 1, 1, 2),
(180, '202502076', 'Alumno2_76', 'ApellidoP76', 'ApellidoM76', 1, '2025-09-03', '2025-09-03 19:55:50', 1, 1, 2),
(181, '202502077', 'Alumno2_77', 'ApellidoP77', 'ApellidoM77', 1, '2025-09-03', '2025-09-03 19:55:50', 1, 1, 2),
(182, '202502078', 'Alumno2_78', 'ApellidoP78', 'ApellidoM78', 1, '2025-09-03', '2025-09-03 19:55:50', 1, 1, 2),
(183, '202502079', 'Alumno2_79', 'ApellidoP79', 'ApellidoM79', 1, '2025-09-03', '2025-09-03 19:55:50', 1, 1, 2),
(184, '202502080', 'Alumno2_80', 'ApellidoP80', 'ApellidoM80', 1, '2025-09-03', '2025-09-03 19:55:50', 1, 1, 2),
(185, '202502081', 'Alumno2_81', 'ApellidoP81', 'ApellidoM81', 1, '2025-09-03', '2025-09-03 19:55:50', 1, 1, 2),
(186, '202502082', 'Alumno2_82', 'ApellidoP82', 'ApellidoM82', 1, '2025-09-03', '2025-09-03 19:55:50', 1, 1, 2),
(187, '202502083', 'Alumno2_83', 'ApellidoP83', 'ApellidoM83', 1, '2025-09-03', '2025-09-03 19:55:50', 1, 1, 2),
(188, '202502084', 'Alumno2_84', 'ApellidoP84', 'ApellidoM84', 1, '2025-09-03', '2025-09-03 19:55:50', 1, 1, 2),
(189, '202502085', 'Alumno2_85', 'ApellidoP85', 'ApellidoM85', 1, '2025-09-03', '2025-09-03 19:55:50', 1, 1, 2),
(190, '202502086', 'Alumno2_86', 'ApellidoP86', 'ApellidoM86', 1, '2025-09-03', '2025-09-03 19:55:50', 1, 1, 2),
(191, '202502087', 'Alumno2_87', 'ApellidoP87', 'ApellidoM87', 1, '2025-09-03', '2025-09-03 19:55:50', 1, 1, 2),
(192, '202502088', 'Alumno2_88', 'ApellidoP88', 'ApellidoM88', 1, '2025-09-03', '2025-09-03 19:55:50', 1, 1, 2),
(193, '202502089', 'Alumno2_89', 'ApellidoP89', 'ApellidoM89', 1, '2025-09-03', '2025-09-03 19:55:50', 1, 1, 2),
(194, '202502090', 'Alumno2_90', 'ApellidoP90', 'ApellidoM90', 1, '2025-09-03', '2025-09-03 19:55:50', 1, 1, 2),
(195, '202502091', 'Alumno2_91', 'ApellidoP91', 'ApellidoM91', 1, '2025-09-03', '2025-09-03 19:55:50', 1, 1, 2),
(196, '202502092', 'Alumno2_92', 'ApellidoP92', 'ApellidoM92', 1, '2025-09-03', '2025-09-03 19:55:50', 1, 1, 2),
(197, '202502093', 'Alumno2_93', 'ApellidoP93', 'ApellidoM93', 1, '2025-09-03', '2025-09-03 19:55:50', 1, 1, 2),
(198, '202502094', 'Alumno2_94', 'ApellidoP94', 'ApellidoM94', 1, '2025-09-03', '2025-09-03 19:55:50', 1, 1, 2),
(199, '202502095', 'Alumno2_95', 'ApellidoP95', 'ApellidoM95', 1, '2025-09-03', '2025-09-03 19:55:50', 1, 1, 2),
(200, '202502096', 'Alumno2_96', 'ApellidoP96', 'ApellidoM96', 1, '2025-09-03', '2025-09-03 19:55:50', 1, 1, 2),
(201, '202502097', 'Alumno2_97', 'ApellidoP97', 'ApellidoM97', 1, '2025-09-03', '2025-09-03 19:55:50', 1, 1, 2),
(202, '202502098', 'Alumno2_98', 'ApellidoP98', 'ApellidoM98', 1, '2025-09-03', '2025-09-03 19:55:50', 1, 1, 2),
(203, '202502099', 'Alumno2_99', 'ApellidoP99', 'ApellidoM99', 1, '2025-09-03', '2025-09-03 19:55:50', 1, 1, 2),
(204, '202502100', 'Alumno2_100', 'ApellidoP100', 'ApellidoM100', 1, '2025-09-03', '2025-09-03 19:55:50', 1, 1, 2),
(205, '202503001', 'Alumno3_1', 'ApellidoP1', 'ApellidoM1', 1, '2025-09-03', '2025-09-03 19:55:50', 1, 2, 3),
(206, '202503002', 'Alumno3_2', 'ApellidoP2', 'ApellidoM2', 1, '2025-09-03', '2025-09-03 19:55:50', 1, 2, 3),
(207, '202503003', 'Alumno3_3', 'ApellidoP3', 'ApellidoM3', 1, '2025-09-03', '2025-09-03 19:55:50', 1, 2, 3),
(208, '202503004', 'Alumno3_4', 'ApellidoP4', 'ApellidoM4', 1, '2025-09-03', '2025-09-03 19:55:50', 1, 2, 3),
(209, '202503005', 'Alumno3_5', 'ApellidoP5', 'ApellidoM5', 1, '2025-09-03', '2025-09-03 19:55:50', 1, 2, 3),
(210, '202503006', 'Alumno3_6', 'ApellidoP6', 'ApellidoM6', 1, '2025-09-03', '2025-09-03 19:55:50', 1, 2, 3),
(211, '202503007', 'Alumno3_7', 'ApellidoP7', 'ApellidoM7', 1, '2025-09-03', '2025-09-03 19:55:50', 1, 2, 3),
(212, '202503008', 'Alumno3_8', 'ApellidoP8', 'ApellidoM8', 1, '2025-09-03', '2025-09-03 19:55:50', 1, 2, 3),
(213, '202503009', 'Alumno3_9', 'ApellidoP9', 'ApellidoM9', 1, '2025-09-03', '2025-09-03 19:55:50', 1, 2, 3),
(214, '202503010', 'Alumno3_10', 'ApellidoP10', 'ApellidoM10', 1, '2025-09-03', '2025-09-03 19:55:50', 1, 2, 3),
(215, '202503011', 'Alumno3_11', 'ApellidoP11', 'ApellidoM11', 1, '2025-09-03', '2025-09-03 19:55:50', 1, 2, 3),
(216, '202503012', 'Alumno3_12', 'ApellidoP12', 'ApellidoM12', 1, '2025-09-03', '2025-09-03 19:55:50', 1, 2, 3),
(217, '202503013', 'Alumno3_13', 'ApellidoP13', 'ApellidoM13', 1, '2025-09-03', '2025-09-03 19:55:50', 1, 2, 3),
(218, '202503014', 'Alumno3_14', 'ApellidoP14', 'ApellidoM14', 1, '2025-09-03', '2025-09-03 19:55:50', 1, 2, 3),
(219, '202503015', 'Alumno3_15', 'ApellidoP15', 'ApellidoM15', 1, '2025-09-03', '2025-09-03 19:55:50', 1, 2, 3),
(220, '202503016', 'Alumno3_16', 'ApellidoP16', 'ApellidoM16', 1, '2025-09-03', '2025-09-03 19:55:50', 1, 2, 3),
(221, '202503017', 'Alumno3_17', 'ApellidoP17', 'ApellidoM17', 1, '2025-09-03', '2025-09-03 19:55:50', 1, 2, 3),
(222, '202503018', 'Alumno3_18', 'ApellidoP18', 'ApellidoM18', 1, '2025-09-03', '2025-09-03 19:55:50', 1, 2, 3),
(223, '202503019', 'Alumno3_19', 'ApellidoP19', 'ApellidoM19', 1, '2025-09-03', '2025-09-03 19:55:50', 1, 2, 3),
(224, '202503020', 'Alumno3_20', 'ApellidoP20', 'ApellidoM20', 1, '2025-09-03', '2025-09-03 19:55:50', 1, 2, 3),
(225, '202503021', 'Alumno3_21', 'ApellidoP21', 'ApellidoM21', 1, '2025-09-03', '2025-09-03 19:55:50', 1, 2, 3),
(226, '202503022', 'Alumno3_22', 'ApellidoP22', 'ApellidoM22', 1, '2025-09-03', '2025-09-03 19:55:50', 1, 2, 3),
(227, '202503023', 'Alumno3_23', 'ApellidoP23', 'ApellidoM23', 1, '2025-09-03', '2025-09-03 19:55:50', 1, 2, 3),
(228, '202503024', 'Alumno3_24', 'ApellidoP24', 'ApellidoM24', 1, '2025-09-03', '2025-09-03 19:55:50', 1, 2, 3),
(229, '202503025', 'Alumno3_25', 'ApellidoP25', 'ApellidoM25', 1, '2025-09-03', '2025-09-03 19:55:50', 1, 2, 3),
(230, '202503026', 'Alumno3_26', 'ApellidoP26', 'ApellidoM26', 1, '2025-09-03', '2025-09-03 19:55:50', 1, 2, 3),
(231, '202503027', 'Alumno3_27', 'ApellidoP27', 'ApellidoM27', 1, '2025-09-03', '2025-09-03 19:55:50', 1, 2, 3),
(232, '202503028', 'Alumno3_28', 'ApellidoP28', 'ApellidoM28', 1, '2025-09-03', '2025-09-03 19:55:50', 1, 2, 3),
(233, '202503029', 'Alumno3_29', 'ApellidoP29', 'ApellidoM29', 1, '2025-09-03', '2025-09-03 19:55:50', 1, 2, 3),
(234, '202503030', 'Alumno3_30', 'ApellidoP30', 'ApellidoM30', 1, '2025-09-03', '2025-09-03 19:55:50', 1, 2, 3),
(235, '202503031', 'Alumno3_31', 'ApellidoP31', 'ApellidoM31', 1, '2025-09-03', '2025-09-03 19:55:50', 1, 2, 3),
(236, '202503032', 'Alumno3_32', 'ApellidoP32', 'ApellidoM32', 1, '2025-09-03', '2025-09-03 19:55:50', 1, 2, 3),
(237, '202503033', 'Alumno3_33', 'ApellidoP33', 'ApellidoM33', 1, '2025-09-03', '2025-09-03 19:55:50', 1, 2, 3),
(238, '202503034', 'Alumno3_34', 'ApellidoP34', 'ApellidoM34', 1, '2025-09-03', '2025-09-03 19:55:50', 1, 2, 3),
(239, '202503035', 'Alumno3_35', 'ApellidoP35', 'ApellidoM35', 1, '2025-09-03', '2025-09-03 19:55:50', 1, 2, 3),
(240, '202503036', 'Alumno3_36', 'ApellidoP36', 'ApellidoM36', 1, '2025-09-03', '2025-09-03 19:55:50', 1, 2, 3),
(241, '202503037', 'Alumno3_37', 'ApellidoP37', 'ApellidoM37', 1, '2025-09-03', '2025-09-03 19:55:50', 1, 2, 3),
(242, '202503038', 'Alumno3_38', 'ApellidoP38', 'ApellidoM38', 1, '2025-09-03', '2025-09-03 19:55:50', 1, 2, 3),
(243, '202503039', 'Alumno3_39', 'ApellidoP39', 'ApellidoM39', 1, '2025-09-03', '2025-09-03 19:55:50', 1, 2, 3),
(244, '202503040', 'Alumno3_40', 'ApellidoP40', 'ApellidoM40', 1, '2025-09-03', '2025-09-03 19:55:50', 1, 2, 3),
(245, '202503041', 'Alumno3_41', 'ApellidoP41', 'ApellidoM41', 1, '2025-09-03', '2025-09-03 19:55:50', 1, 2, 3),
(246, '202503042', 'Alumno3_42', 'ApellidoP42', 'ApellidoM42', 1, '2025-09-03', '2025-09-03 19:55:50', 1, 2, 3),
(247, '202503043', 'Alumno3_43', 'ApellidoP43', 'ApellidoM43', 1, '2025-09-03', '2025-09-03 19:55:50', 1, 2, 3),
(248, '202503044', 'Alumno3_44', 'ApellidoP44', 'ApellidoM44', 1, '2025-09-03', '2025-09-03 19:55:50', 1, 2, 3),
(249, '202503045', 'Alumno3_45', 'ApellidoP45', 'ApellidoM45', 1, '2025-09-03', '2025-09-03 19:55:50', 1, 2, 3),
(250, '202503046', 'Alumno3_46', 'ApellidoP46', 'ApellidoM46', 1, '2025-09-03', '2025-09-03 19:55:50', 1, 2, 3),
(251, '202503047', 'Alumno3_47', 'ApellidoP47', 'ApellidoM47', 1, '2025-09-03', '2025-09-03 19:55:50', 1, 2, 3),
(252, '202503048', 'Alumno3_48', 'ApellidoP48', 'ApellidoM48', 1, '2025-09-03', '2025-09-03 19:55:50', 1, 2, 3),
(253, '202503049', 'Alumno3_49', 'ApellidoP49', 'ApellidoM49', 1, '2025-09-03', '2025-09-03 19:55:50', 1, 2, 3),
(254, '202503050', 'Alumno3_50', 'ApellidoP50', 'ApellidoM50', 1, '2025-09-03', '2025-09-03 19:55:50', 1, 2, 3),
(255, '202503051', 'Alumno3_51', 'ApellidoP51', 'ApellidoM51', 1, '2025-09-03', '2025-09-03 19:55:50', 1, 2, 3),
(256, '202503052', 'Alumno3_52', 'ApellidoP52', 'ApellidoM52', 1, '2025-09-03', '2025-09-03 19:55:50', 1, 2, 3),
(257, '202503053', 'Alumno3_53', 'ApellidoP53', 'ApellidoM53', 1, '2025-09-03', '2025-09-03 19:55:50', 1, 2, 3),
(258, '202503054', 'Alumno3_54', 'ApellidoP54', 'ApellidoM54', 1, '2025-09-03', '2025-09-03 19:55:50', 1, 2, 3),
(259, '202503055', 'Alumno3_55', 'ApellidoP55', 'ApellidoM55', 1, '2025-09-03', '2025-09-03 19:55:50', 1, 2, 3),
(260, '202503056', 'Alumno3_56', 'ApellidoP56', 'ApellidoM56', 1, '2025-09-03', '2025-09-03 19:55:50', 1, 2, 3),
(261, '202503057', 'Alumno3_57', 'ApellidoP57', 'ApellidoM57', 1, '2025-09-03', '2025-09-03 19:55:50', 1, 2, 3),
(262, '202503058', 'Alumno3_58', 'ApellidoP58', 'ApellidoM58', 1, '2025-09-03', '2025-09-03 19:55:50', 1, 2, 3),
(263, '202503059', 'Alumno3_59', 'ApellidoP59', 'ApellidoM59', 1, '2025-09-03', '2025-09-03 19:55:50', 1, 2, 3),
(264, '202503060', 'Alumno3_60', 'ApellidoP60', 'ApellidoM60', 1, '2025-09-03', '2025-09-03 19:55:50', 1, 2, 3),
(265, '202503061', 'Alumno3_61', 'ApellidoP61', 'ApellidoM61', 1, '2025-09-03', '2025-09-03 19:55:50', 1, 2, 3),
(266, '202503062', 'Alumno3_62', 'ApellidoP62', 'ApellidoM62', 1, '2025-09-03', '2025-09-03 19:55:50', 1, 2, 3),
(267, '202503063', 'Alumno3_63', 'ApellidoP63', 'ApellidoM63', 1, '2025-09-03', '2025-09-03 19:55:50', 1, 2, 3),
(268, '202503064', 'Alumno3_64', 'ApellidoP64', 'ApellidoM64', 1, '2025-09-03', '2025-09-03 19:55:50', 1, 2, 3),
(269, '202503065', 'Alumno3_65', 'ApellidoP65', 'ApellidoM65', 1, '2025-09-03', '2025-09-03 19:55:50', 1, 2, 3),
(270, '202503066', 'Alumno3_66', 'ApellidoP66', 'ApellidoM66', 1, '2025-09-03', '2025-09-03 19:55:50', 1, 2, 3),
(271, '202503067', 'Alumno3_67', 'ApellidoP67', 'ApellidoM67', 1, '2025-09-03', '2025-09-03 19:55:50', 1, 2, 3),
(272, '202503068', 'Alumno3_68', 'ApellidoP68', 'ApellidoM68', 1, '2025-09-03', '2025-09-03 19:55:50', 1, 2, 3),
(273, '202503069', 'Alumno3_69', 'ApellidoP69', 'ApellidoM69', 1, '2025-09-03', '2025-09-03 19:55:50', 1, 2, 3),
(274, '202503070', 'Alumno3_70', 'ApellidoP70', 'ApellidoM70', 1, '2025-09-03', '2025-09-03 19:55:50', 1, 2, 3),
(275, '202503071', 'Alumno3_71', 'ApellidoP71', 'ApellidoM71', 1, '2025-09-03', '2025-09-03 19:55:50', 1, 2, 3),
(276, '202503072', 'Alumno3_72', 'ApellidoP72', 'ApellidoM72', 1, '2025-09-03', '2025-09-03 19:55:50', 1, 2, 3),
(277, '202503073', 'Alumno3_73', 'ApellidoP73', 'ApellidoM73', 1, '2025-09-03', '2025-09-03 19:55:50', 1, 2, 3),
(278, '202503074', 'Alumno3_74', 'ApellidoP74', 'ApellidoM74', 1, '2025-09-03', '2025-09-03 19:55:50', 1, 2, 3),
(279, '202503075', 'Alumno3_75', 'ApellidoP75', 'ApellidoM75', 1, '2025-09-03', '2025-09-03 19:55:50', 1, 2, 3),
(280, '202503076', 'Alumno3_76', 'ApellidoP76', 'ApellidoM76', 1, '2025-09-03', '2025-09-03 19:55:50', 1, 2, 3),
(281, '202503077', 'Alumno3_77', 'ApellidoP77', 'ApellidoM77', 1, '2025-09-03', '2025-09-03 19:55:50', 1, 2, 3),
(282, '202503078', 'Alumno3_78', 'ApellidoP78', 'ApellidoM78', 1, '2025-09-03', '2025-09-03 19:55:50', 1, 2, 3),
(283, '202503079', 'Alumno3_79', 'ApellidoP79', 'ApellidoM79', 1, '2025-09-03', '2025-09-03 19:55:50', 1, 2, 3),
(284, '202503080', 'Alumno3_80', 'ApellidoP80', 'ApellidoM80', 1, '2025-09-03', '2025-09-03 19:55:50', 1, 2, 3),
(285, '202503081', 'Alumno3_81', 'ApellidoP81', 'ApellidoM81', 1, '2025-09-03', '2025-09-03 19:55:50', 1, 2, 3),
(286, '202503082', 'Alumno3_82', 'ApellidoP82', 'ApellidoM82', 1, '2025-09-03', '2025-09-03 19:55:50', 1, 2, 3),
(287, '202503083', 'Alumno3_83', 'ApellidoP83', 'ApellidoM83', 1, '2025-09-03', '2025-09-03 19:55:50', 1, 2, 3),
(288, '202503084', 'Alumno3_84', 'ApellidoP84', 'ApellidoM84', 1, '2025-09-03', '2025-09-03 19:55:50', 1, 2, 3),
(289, '202503085', 'Alumno3_85', 'ApellidoP85', 'ApellidoM85', 1, '2025-09-03', '2025-09-03 19:55:50', 1, 2, 3),
(290, '202503086', 'Alumno3_86', 'ApellidoP86', 'ApellidoM86', 1, '2025-09-03', '2025-09-03 19:55:50', 1, 2, 3),
(291, '202503087', 'Alumno3_87', 'ApellidoP87', 'ApellidoM87', 1, '2025-09-03', '2025-09-03 19:55:50', 1, 2, 3),
(292, '202503088', 'Alumno3_88', 'ApellidoP88', 'ApellidoM88', 1, '2025-09-03', '2025-09-03 19:55:50', 1, 2, 3),
(293, '202503089', 'Alumno3_89', 'ApellidoP89', 'ApellidoM89', 1, '2025-09-03', '2025-09-03 19:55:50', 1, 2, 3),
(294, '202503090', 'Alumno3_90', 'ApellidoP90', 'ApellidoM90', 1, '2025-09-03', '2025-09-03 19:55:50', 1, 2, 3),
(295, '202503091', 'Alumno3_91', 'ApellidoP91', 'ApellidoM91', 1, '2025-09-03', '2025-09-03 19:55:50', 1, 2, 3),
(296, '202503092', 'Alumno3_92', 'ApellidoP92', 'ApellidoM92', 1, '2025-09-03', '2025-09-03 19:55:50', 1, 2, 3),
(297, '202503093', 'Alumno3_93', 'ApellidoP93', 'ApellidoM93', 1, '2025-09-03', '2025-09-03 19:55:50', 1, 2, 3),
(298, '202503094', 'Alumno3_94', 'ApellidoP94', 'ApellidoM94', 1, '2025-09-03', '2025-09-03 19:55:50', 1, 2, 3),
(299, '202503095', 'Alumno3_95', 'ApellidoP95', 'ApellidoM95', 1, '2025-09-03', '2025-09-03 19:55:50', 1, 2, 3),
(300, '202503096', 'Alumno3_96', 'ApellidoP96', 'ApellidoM96', 1, '2025-09-03', '2025-09-03 19:55:50', 1, 2, 3),
(301, '202503097', 'Alumno3_97', 'ApellidoP97', 'ApellidoM97', 1, '2025-09-03', '2025-09-03 19:55:50', 1, 2, 3),
(302, '202503098', 'Alumno3_98', 'ApellidoP98', 'ApellidoM98', 1, '2025-09-03', '2025-09-03 19:55:50', 1, 2, 3),
(303, '202503099', 'Alumno3_99', 'ApellidoP99', 'ApellidoM99', 1, '2025-09-03', '2025-09-03 19:55:50', 1, 2, 3),
(304, '202503100', 'Alumno3_100', 'ApellidoP100', 'ApellidoM100', 1, '2025-09-03', '2025-09-03 19:55:50', 1, 2, 3),
(305, '202504001', 'Alumno4_1', 'ApellidoP1', 'ApellidoM1', 1, '2025-09-03', '2025-09-03 19:55:50', 1, 3, 4),
(306, '202504002', 'Alumno4_2', 'ApellidoP2', 'ApellidoM2', 1, '2025-09-03', '2025-09-03 19:55:50', 1, 3, 4),
(307, '202504003', 'Alumno4_3', 'ApellidoP3', 'ApellidoM3', 1, '2025-09-03', '2025-09-03 19:55:50', 1, 3, 4),
(308, '202504004', 'Alumno4_4', 'ApellidoP4', 'ApellidoM4', 1, '2025-09-03', '2025-09-03 19:55:50', 1, 3, 4),
(309, '202504005', 'Alumno4_5', 'ApellidoP5', 'ApellidoM5', 1, '2025-09-03', '2025-09-03 19:55:50', 1, 3, 4),
(310, '202504006', 'Alumno4_6', 'ApellidoP6', 'ApellidoM6', 1, '2025-09-03', '2025-09-03 19:55:50', 1, 3, 4),
(311, '202504007', 'Alumno4_7', 'ApellidoP7', 'ApellidoM7', 1, '2025-09-03', '2025-09-03 19:55:50', 1, 3, 4),
(312, '202504008', 'Alumno4_8', 'ApellidoP8', 'ApellidoM8', 1, '2025-09-03', '2025-09-03 19:55:50', 1, 3, 4),
(313, '202504009', 'Alumno4_9', 'ApellidoP9', 'ApellidoM9', 1, '2025-09-03', '2025-09-03 19:55:50', 1, 3, 4),
(314, '202504010', 'Alumno4_10', 'ApellidoP10', 'ApellidoM10', 1, '2025-09-03', '2025-09-03 19:55:50', 1, 3, 4),
(315, '202504011', 'Alumno4_11', 'ApellidoP11', 'ApellidoM11', 1, '2025-09-03', '2025-09-03 19:55:50', 1, 3, 4),
(316, '202504012', 'Alumno4_12', 'ApellidoP12', 'ApellidoM12', 1, '2025-09-03', '2025-09-03 19:55:50', 1, 3, 4),
(317, '202504013', 'Alumno4_13', 'ApellidoP13', 'ApellidoM13', 1, '2025-09-03', '2025-09-03 19:55:50', 1, 3, 4),
(318, '202504014', 'Alumno4_14', 'ApellidoP14', 'ApellidoM14', 1, '2025-09-03', '2025-09-03 19:55:50', 1, 3, 4),
(319, '202504015', 'Alumno4_15', 'ApellidoP15', 'ApellidoM15', 1, '2025-09-03', '2025-09-03 19:55:50', 1, 3, 4),
(320, '202504016', 'Alumno4_16', 'ApellidoP16', 'ApellidoM16', 1, '2025-09-03', '2025-09-03 19:55:50', 1, 3, 4),
(321, '202504017', 'Alumno4_17', 'ApellidoP17', 'ApellidoM17', 1, '2025-09-03', '2025-09-03 19:55:50', 1, 3, 4),
(322, '202504018', 'Alumno4_18', 'ApellidoP18', 'ApellidoM18', 1, '2025-09-03', '2025-09-03 19:55:50', 1, 3, 4),
(323, '202504019', 'Alumno4_19', 'ApellidoP19', 'ApellidoM19', 1, '2025-09-03', '2025-09-03 19:55:50', 1, 3, 4),
(324, '202504020', 'Alumno4_20', 'ApellidoP20', 'ApellidoM20', 1, '2025-09-03', '2025-09-03 19:55:50', 1, 3, 4),
(325, '202504021', 'Alumno4_21', 'ApellidoP21', 'ApellidoM21', 1, '2025-09-03', '2025-09-03 19:55:50', 1, 3, 4),
(326, '202504022', 'Alumno4_22', 'ApellidoP22', 'ApellidoM22', 1, '2025-09-03', '2025-09-03 19:55:50', 1, 3, 4),
(327, '202504023', 'Alumno4_23', 'ApellidoP23', 'ApellidoM23', 1, '2025-09-03', '2025-09-03 19:55:50', 1, 3, 4),
(328, '202504024', 'Alumno4_24', 'ApellidoP24', 'ApellidoM24', 1, '2025-09-03', '2025-09-03 19:55:50', 1, 3, 4),
(329, '202504025', 'Alumno4_25', 'ApellidoP25', 'ApellidoM25', 1, '2025-09-03', '2025-09-03 19:55:50', 1, 3, 4),
(330, '202504026', 'Alumno4_26', 'ApellidoP26', 'ApellidoM26', 1, '2025-09-03', '2025-09-03 19:55:50', 1, 3, 4),
(331, '202504027', 'Alumno4_27', 'ApellidoP27', 'ApellidoM27', 1, '2025-09-03', '2025-09-03 19:55:50', 1, 3, 4),
(332, '202504028', 'Alumno4_28', 'ApellidoP28', 'ApellidoM28', 1, '2025-09-03', '2025-09-03 19:55:50', 1, 3, 4),
(333, '202504029', 'Alumno4_29', 'ApellidoP29', 'ApellidoM29', 1, '2025-09-03', '2025-09-03 19:55:50', 1, 3, 4),
(334, '202504030', 'Alumno4_30', 'ApellidoP30', 'ApellidoM30', 1, '2025-09-03', '2025-09-03 19:55:50', 1, 3, 4),
(335, '202504031', 'Alumno4_31', 'ApellidoP31', 'ApellidoM31', 1, '2025-09-03', '2025-09-03 19:55:50', 1, 3, 4),
(336, '202504032', 'Alumno4_32', 'ApellidoP32', 'ApellidoM32', 1, '2025-09-03', '2025-09-03 19:55:50', 1, 3, 4),
(337, '202504033', 'Alumno4_33', 'ApellidoP33', 'ApellidoM33', 1, '2025-09-03', '2025-09-03 19:55:50', 1, 3, 4),
(338, '202504034', 'Alumno4_34', 'ApellidoP34', 'ApellidoM34', 1, '2025-09-03', '2025-09-03 19:55:50', 1, 3, 4),
(339, '202504035', 'Alumno4_35', 'ApellidoP35', 'ApellidoM35', 1, '2025-09-03', '2025-09-03 19:55:50', 1, 3, 4),
(340, '202504036', 'Alumno4_36', 'ApellidoP36', 'ApellidoM36', 1, '2025-09-03', '2025-09-03 19:55:50', 1, 3, 4),
(341, '202504037', 'Alumno4_37', 'ApellidoP37', 'ApellidoM37', 1, '2025-09-03', '2025-09-03 19:55:50', 1, 3, 4),
(342, '202504038', 'Alumno4_38', 'ApellidoP38', 'ApellidoM38', 1, '2025-09-03', '2025-09-03 19:55:50', 1, 3, 4),
(343, '202504039', 'Alumno4_39', 'ApellidoP39', 'ApellidoM39', 1, '2025-09-03', '2025-09-03 19:55:50', 1, 3, 4),
(344, '202504040', 'Alumno4_40', 'ApellidoP40', 'ApellidoM40', 1, '2025-09-03', '2025-09-03 19:55:50', 1, 3, 4),
(345, '202504041', 'Alumno4_41', 'ApellidoP41', 'ApellidoM41', 1, '2025-09-03', '2025-09-03 19:55:50', 1, 3, 4),
(346, '202504042', 'Alumno4_42', 'ApellidoP42', 'ApellidoM42', 1, '2025-09-03', '2025-09-03 19:55:50', 1, 3, 4),
(347, '202504043', 'Alumno4_43', 'ApellidoP43', 'ApellidoM43', 1, '2025-09-03', '2025-09-03 19:55:50', 1, 3, 4),
(348, '202504044', 'Alumno4_44', 'ApellidoP44', 'ApellidoM44', 1, '2025-09-03', '2025-09-03 19:55:50', 1, 3, 4),
(349, '202504045', 'Alumno4_45', 'ApellidoP45', 'ApellidoM45', 1, '2025-09-03', '2025-09-03 19:55:50', 1, 3, 4),
(350, '202504046', 'Alumno4_46', 'ApellidoP46', 'ApellidoM46', 1, '2025-09-03', '2025-09-03 19:55:50', 1, 3, 4),
(351, '202504047', 'Alumno4_47', 'ApellidoP47', 'ApellidoM47', 1, '2025-09-03', '2025-09-03 19:55:50', 1, 3, 4),
(352, '202504048', 'Alumno4_48', 'ApellidoP48', 'ApellidoM48', 1, '2025-09-03', '2025-09-03 19:55:50', 1, 3, 4),
(353, '202504049', 'Alumno4_49', 'ApellidoP49', 'ApellidoM49', 1, '2025-09-03', '2025-09-03 19:55:50', 1, 3, 4),
(354, '202504050', 'Alumno4_50', 'ApellidoP50', 'ApellidoM50', 1, '2025-09-03', '2025-09-03 19:55:50', 1, 3, 4),
(355, '202504051', 'Alumno4_51', 'ApellidoP51', 'ApellidoM51', 1, '2025-09-03', '2025-09-03 19:55:50', 1, 3, 4),
(356, '202504052', 'Alumno4_52', 'ApellidoP52', 'ApellidoM52', 1, '2025-09-03', '2025-09-03 19:55:50', 1, 3, 4),
(357, '202504053', 'Alumno4_53', 'ApellidoP53', 'ApellidoM53', 1, '2025-09-03', '2025-09-03 19:55:50', 1, 3, 4),
(358, '202504054', 'Alumno4_54', 'ApellidoP54', 'ApellidoM54', 1, '2025-09-03', '2025-09-03 19:55:50', 1, 3, 4),
(359, '202504055', 'Alumno4_55', 'ApellidoP55', 'ApellidoM55', 1, '2025-09-03', '2025-09-03 19:55:50', 1, 3, 4),
(360, '202504056', 'Alumno4_56', 'ApellidoP56', 'ApellidoM56', 1, '2025-09-03', '2025-09-03 19:55:50', 1, 3, 4),
(361, '202504057', 'Alumno4_57', 'ApellidoP57', 'ApellidoM57', 1, '2025-09-03', '2025-09-03 19:55:50', 1, 3, 4),
(362, '202504058', 'Alumno4_58', 'ApellidoP58', 'ApellidoM58', 1, '2025-09-03', '2025-09-03 19:55:50', 1, 3, 4),
(363, '202504059', 'Alumno4_59', 'ApellidoP59', 'ApellidoM59', 1, '2025-09-03', '2025-09-03 19:55:50', 1, 3, 4),
(364, '202504060', 'Alumno4_60', 'ApellidoP60', 'ApellidoM60', 1, '2025-09-03', '2025-09-03 19:55:50', 1, 3, 4),
(365, '202504061', 'Alumno4_61', 'ApellidoP61', 'ApellidoM61', 1, '2025-09-03', '2025-09-03 19:55:50', 1, 3, 4),
(366, '202504062', 'Alumno4_62', 'ApellidoP62', 'ApellidoM62', 1, '2025-09-03', '2025-09-03 19:55:50', 1, 3, 4),
(367, '202504063', 'Alumno4_63', 'ApellidoP63', 'ApellidoM63', 1, '2025-09-03', '2025-09-03 19:55:50', 1, 3, 4),
(368, '202504064', 'Alumno4_64', 'ApellidoP64', 'ApellidoM64', 1, '2025-09-03', '2025-09-03 19:55:50', 1, 3, 4),
(369, '202504065', 'Alumno4_65', 'ApellidoP65', 'ApellidoM65', 1, '2025-09-03', '2025-09-03 19:55:50', 1, 3, 4),
(370, '202504066', 'Alumno4_66', 'ApellidoP66', 'ApellidoM66', 1, '2025-09-03', '2025-09-03 19:55:50', 1, 3, 4),
(371, '202504067', 'Alumno4_67', 'ApellidoP67', 'ApellidoM67', 1, '2025-09-03', '2025-09-03 19:55:50', 1, 3, 4),
(372, '202504068', 'Alumno4_68', 'ApellidoP68', 'ApellidoM68', 1, '2025-09-03', '2025-09-03 19:55:50', 1, 3, 4),
(373, '202504069', 'Alumno4_69', 'ApellidoP69', 'ApellidoM69', 1, '2025-09-03', '2025-09-03 19:55:50', 1, 3, 4),
(374, '202504070', 'Alumno4_70', 'ApellidoP70', 'ApellidoM70', 1, '2025-09-03', '2025-09-03 19:55:50', 1, 3, 4),
(375, '202504071', 'Alumno4_71', 'ApellidoP71', 'ApellidoM71', 1, '2025-09-03', '2025-09-03 19:55:50', 1, 3, 4),
(376, '202504072', 'Alumno4_72', 'ApellidoP72', 'ApellidoM72', 1, '2025-09-03', '2025-09-03 19:55:50', 1, 3, 4),
(377, '202504073', 'Alumno4_73', 'ApellidoP73', 'ApellidoM73', 1, '2025-09-03', '2025-09-03 19:55:50', 1, 3, 4),
(378, '202504074', 'Alumno4_74', 'ApellidoP74', 'ApellidoM74', 1, '2025-09-03', '2025-09-03 19:55:50', 1, 3, 4),
(379, '202504075', 'Alumno4_75', 'ApellidoP75', 'ApellidoM75', 1, '2025-09-03', '2025-09-03 19:55:50', 1, 3, 4),
(380, '202504076', 'Alumno4_76', 'ApellidoP76', 'ApellidoM76', 1, '2025-09-03', '2025-09-03 19:55:50', 1, 3, 4),
(381, '202504077', 'Alumno4_77', 'ApellidoP77', 'ApellidoM77', 1, '2025-09-03', '2025-09-03 19:55:50', 1, 3, 4),
(382, '202504078', 'Alumno4_78', 'ApellidoP78', 'ApellidoM78', 1, '2025-09-03', '2025-09-03 19:55:50', 1, 3, 4),
(383, '202504079', 'Alumno4_79', 'ApellidoP79', 'ApellidoM79', 1, '2025-09-03', '2025-09-03 19:55:50', 1, 3, 4),
(384, '202504080', 'Alumno4_80', 'ApellidoP80', 'ApellidoM80', 1, '2025-09-03', '2025-09-03 19:55:50', 1, 3, 4),
(385, '202504081', 'Alumno4_81', 'ApellidoP81', 'ApellidoM81', 1, '2025-09-03', '2025-09-03 19:55:50', 1, 3, 4),
(386, '202504082', 'Alumno4_82', 'ApellidoP82', 'ApellidoM82', 1, '2025-09-03', '2025-09-03 19:55:50', 1, 3, 4),
(387, '202504083', 'Alumno4_83', 'ApellidoP83', 'ApellidoM83', 1, '2025-09-03', '2025-09-03 19:55:50', 1, 3, 4),
(388, '202504084', 'Alumno4_84', 'ApellidoP84', 'ApellidoM84', 1, '2025-09-03', '2025-09-03 19:55:50', 1, 3, 4),
(389, '202504085', 'Alumno4_85', 'ApellidoP85', 'ApellidoM85', 1, '2025-09-03', '2025-09-03 19:55:50', 1, 3, 4),
(390, '202504086', 'Alumno4_86', 'ApellidoP86', 'ApellidoM86', 1, '2025-09-03', '2025-09-03 19:55:50', 1, 3, 4),
(391, '202504087', 'Alumno4_87', 'ApellidoP87', 'ApellidoM87', 1, '2025-09-03', '2025-09-03 19:55:50', 1, 3, 4),
(392, '202504088', 'Alumno4_88', 'ApellidoP88', 'ApellidoM88', 1, '2025-09-03', '2025-09-03 19:55:50', 1, 3, 4),
(393, '202504089', 'Alumno4_89', 'ApellidoP89', 'ApellidoM89', 1, '2025-09-03', '2025-09-03 19:55:50', 1, 3, 4),
(394, '202504090', 'Alumno4_90', 'ApellidoP90', 'ApellidoM90', 1, '2025-09-03', '2025-09-03 19:55:50', 1, 3, 4),
(395, '202504091', 'Alumno4_91', 'ApellidoP91', 'ApellidoM91', 1, '2025-09-03', '2025-09-03 19:55:50', 1, 3, 4),
(396, '202504092', 'Alumno4_92', 'ApellidoP92', 'ApellidoM92', 1, '2025-09-03', '2025-09-03 19:55:50', 1, 3, 4),
(397, '202504093', 'Alumno4_93', 'ApellidoP93', 'ApellidoM93', 1, '2025-09-03', '2025-09-03 19:55:50', 1, 3, 4),
(398, '202504094', 'Alumno4_94', 'ApellidoP94', 'ApellidoM94', 1, '2025-09-03', '2025-09-03 19:55:50', 1, 3, 4),
(399, '202504095', 'Alumno4_95', 'ApellidoP95', 'ApellidoM95', 1, '2025-09-03', '2025-09-03 19:55:50', 1, 3, 4),
(400, '202504096', 'Alumno4_96', 'ApellidoP96', 'ApellidoM96', 1, '2025-09-03', '2025-09-03 19:55:50', 1, 3, 4),
(401, '202504097', 'Alumno4_97', 'ApellidoP97', 'ApellidoM97', 1, '2025-09-03', '2025-09-03 19:55:50', 1, 3, 4),
(402, '202504098', 'Alumno4_98', 'ApellidoP98', 'ApellidoM98', 1, '2025-09-03', '2025-09-03 19:55:50', 1, 3, 4),
(403, '202504099', 'Alumno4_99', 'ApellidoP99', 'ApellidoM99', 1, '2025-09-03', '2025-09-03 19:55:50', 1, 3, 4),
(404, '202504100', 'Alumno4_100', 'ApellidoP100', 'ApellidoM100', 1, '2025-09-03', '2025-09-03 19:55:50', 1, 3, 4),
(406, '202500019', 'Juan AUdelo ', 'Pérez', 'García', 1, '2025-09-03', '2025-09-04 16:32:23', 1, 1, 1),
(407, 'BIS251007', 'Diego Alejandro', 'Audelo', 'Salas', 1, '2025-09-08', '2025-09-08 18:15:27', 10, 1, 5),
(408, 'asdfs', 'asdf', 'asdf', 'asdf', 1, '2025-09-09', '2025-09-09 07:09:09', 10, 3, 6);

-- --------------------------------------------------------

--
-- Estructura de tabla para la tabla `asistencias`
--

CREATE TABLE `asistencias` (
  `id` int(10) UNSIGNED NOT NULL,
  `id_alumno` int(10) UNSIGNED NOT NULL,
  `id_grupo` int(10) UNSIGNED NOT NULL,
  `fecha` date NOT NULL,
  `estatus` int(11) NOT NULL,
  `fecha_registro` date NOT NULL DEFAULT curdate()
) ENGINE=InnoDB DEFAULT CHARSET=utf8mb4 COLLATE=utf8mb4_general_ci;

--
-- Volcado de datos para la tabla `asistencias`
--

INSERT INTO `asistencias` (`id`, `id_alumno`, `id_grupo`, `fecha`, `estatus`, `fecha_registro`) VALUES
(4, 2, 2, '2025-09-01', 1, '2025-09-03'),
(5, 2, 2, '2025-09-02', 0, '2025-09-03'),
(6, 3, 3, '2025-09-03', 1, '2025-09-03'),
(108, 205, 3, '2025-09-04', 0, '2025-09-04'),
(109, 214, 3, '2025-09-04', 1, '2025-09-04'),
(110, 304, 3, '2025-09-04', 1, '2025-09-04'),
(111, 215, 3, '2025-09-04', 1, '2025-09-04'),
(112, 216, 3, '2025-09-04', 1, '2025-09-04'),
(113, 217, 3, '2025-09-04', 1, '2025-09-04'),
(114, 218, 3, '2025-09-04', 1, '2025-09-04'),
(115, 219, 3, '2025-09-04', 1, '2025-09-04'),
(116, 220, 3, '2025-09-04', 1, '2025-09-04'),
(117, 221, 3, '2025-09-04', 1, '2025-09-04'),
(118, 222, 3, '2025-09-04', 1, '2025-09-04'),
(119, 223, 3, '2025-09-04', 1, '2025-09-04'),
(120, 206, 3, '2025-09-04', 1, '2025-09-04'),
(121, 224, 3, '2025-09-04', 1, '2025-09-04'),
(122, 225, 3, '2025-09-04', 1, '2025-09-04'),
(123, 226, 3, '2025-09-04', 1, '2025-09-04'),
(124, 227, 3, '2025-09-04', 1, '2025-09-04'),
(125, 228, 3, '2025-09-04', 1, '2025-09-04'),
(126, 229, 3, '2025-09-04', 1, '2025-09-04'),
(127, 230, 3, '2025-09-04', 1, '2025-09-04'),
(128, 231, 3, '2025-09-04', 1, '2025-09-04'),
(129, 232, 3, '2025-09-04', 1, '2025-09-04'),
(130, 233, 3, '2025-09-04', 1, '2025-09-04'),
(131, 207, 3, '2025-09-04', 1, '2025-09-04'),
(132, 234, 3, '2025-09-04', 1, '2025-09-04'),
(133, 235, 3, '2025-09-04', 1, '2025-09-04'),
(134, 236, 3, '2025-09-04', 1, '2025-09-04'),
(135, 237, 3, '2025-09-04', 1, '2025-09-04'),
(136, 238, 3, '2025-09-04', 1, '2025-09-04'),
(137, 239, 3, '2025-09-04', 1, '2025-09-04'),
(138, 240, 3, '2025-09-04', 1, '2025-09-04'),
(139, 241, 3, '2025-09-04', 1, '2025-09-04'),
(140, 242, 3, '2025-09-04', 1, '2025-09-04'),
(141, 243, 3, '2025-09-04', 1, '2025-09-04'),
(142, 208, 3, '2025-09-04', 1, '2025-09-04'),
(143, 244, 3, '2025-09-04', 1, '2025-09-04'),
(144, 245, 3, '2025-09-04', 1, '2025-09-04'),
(145, 246, 3, '2025-09-04', 1, '2025-09-04'),
(146, 247, 3, '2025-09-04', 1, '2025-09-04'),
(147, 248, 3, '2025-09-04', 1, '2025-09-04'),
(148, 249, 3, '2025-09-04', 1, '2025-09-04'),
(149, 250, 3, '2025-09-04', 1, '2025-09-04'),
(150, 251, 3, '2025-09-04', 1, '2025-09-04'),
(151, 252, 3, '2025-09-04', 1, '2025-09-04'),
(152, 253, 3, '2025-09-04', 1, '2025-09-04'),
(153, 209, 3, '2025-09-04', 1, '2025-09-04'),
(154, 254, 3, '2025-09-04', 1, '2025-09-04'),
(155, 255, 3, '2025-09-04', 1, '2025-09-04'),
(156, 256, 3, '2025-09-04', 1, '2025-09-04'),
(157, 257, 3, '2025-09-04', 1, '2025-09-04'),
(158, 258, 3, '2025-09-04', 1, '2025-09-04'),
(159, 259, 3, '2025-09-04', 1, '2025-09-04'),
(160, 260, 3, '2025-09-04', 1, '2025-09-04'),
(161, 261, 3, '2025-09-04', 1, '2025-09-04'),
(162, 262, 3, '2025-09-04', 1, '2025-09-04'),
(163, 263, 3, '2025-09-04', 1, '2025-09-04'),
(164, 210, 3, '2025-09-04', 1, '2025-09-04'),
(165, 264, 3, '2025-09-04', 1, '2025-09-04'),
(166, 265, 3, '2025-09-04', 1, '2025-09-04'),
(167, 266, 3, '2025-09-04', 1, '2025-09-04'),
(168, 267, 3, '2025-09-04', 1, '2025-09-04'),
(169, 268, 3, '2025-09-04', 1, '2025-09-04'),
(170, 269, 3, '2025-09-04', 1, '2025-09-04'),
(171, 270, 3, '2025-09-04', 1, '2025-09-04'),
(172, 271, 3, '2025-09-04', 1, '2025-09-04'),
(173, 272, 3, '2025-09-04', 1, '2025-09-04'),
(174, 273, 3, '2025-09-04', 1, '2025-09-04'),
(175, 211, 3, '2025-09-04', 1, '2025-09-04'),
(176, 274, 3, '2025-09-04', 1, '2025-09-04'),
(177, 275, 3, '2025-09-04', 1, '2025-09-04'),
(178, 276, 3, '2025-09-04', 1, '2025-09-04'),
(179, 277, 3, '2025-09-04', 1, '2025-09-04'),
(180, 278, 3, '2025-09-04', 1, '2025-09-04'),
(181, 279, 3, '2025-09-04', 1, '2025-09-04'),
(182, 280, 3, '2025-09-04', 1, '2025-09-04'),
(183, 281, 3, '2025-09-04', 1, '2025-09-04'),
(184, 282, 3, '2025-09-04', 1, '2025-09-04'),
(185, 283, 3, '2025-09-04', 1, '2025-09-04'),
(186, 212, 3, '2025-09-04', 1, '2025-09-04'),
(187, 284, 3, '2025-09-04', 1, '2025-09-04'),
(188, 285, 3, '2025-09-04', 1, '2025-09-04'),
(189, 286, 3, '2025-09-04', 1, '2025-09-04'),
(190, 287, 3, '2025-09-04', 1, '2025-09-04'),
(191, 288, 3, '2025-09-04', 1, '2025-09-04'),
(192, 289, 3, '2025-09-04', 1, '2025-09-04'),
(193, 290, 3, '2025-09-04', 1, '2025-09-04'),
(194, 291, 3, '2025-09-04', 1, '2025-09-04'),
(195, 292, 3, '2025-09-04', 1, '2025-09-04'),
(196, 293, 3, '2025-09-04', 1, '2025-09-04'),
(197, 213, 3, '2025-09-04', 1, '2025-09-04'),
(198, 294, 3, '2025-09-04', 1, '2025-09-04'),
(199, 295, 3, '2025-09-04', 1, '2025-09-04'),
(200, 296, 3, '2025-09-04', 1, '2025-09-04'),
(201, 297, 3, '2025-09-04', 1, '2025-09-04'),
(202, 298, 3, '2025-09-04', 1, '2025-09-04'),
(203, 299, 3, '2025-09-04', 1, '2025-09-04'),
(204, 300, 3, '2025-09-04', 1, '2025-09-04'),
(205, 301, 3, '2025-09-04', 1, '2025-09-04'),
(206, 302, 3, '2025-09-04', 1, '2025-09-04'),
(207, 303, 3, '2025-09-04', 1, '2025-09-04'),
(208, 3, 3, '2025-09-04', 1, '2025-09-04'),
(209, 305, 4, '2025-09-04', 0, '2025-09-04'),
(210, 314, 4, '2025-09-04', 0, '2025-09-04'),
(211, 404, 4, '2025-09-04', 0, '2025-09-04'),
(212, 315, 4, '2025-09-04', 0, '2025-09-04'),
(213, 316, 4, '2025-09-04', 0, '2025-09-04'),
(214, 317, 4, '2025-09-04', 0, '2025-09-04'),
(215, 318, 4, '2025-09-04', 0, '2025-09-04'),
(216, 319, 4, '2025-09-04', 0, '2025-09-04'),
(217, 320, 4, '2025-09-04', 0, '2025-09-04'),
(218, 321, 4, '2025-09-04', 0, '2025-09-04'),
(219, 322, 4, '2025-09-04', 0, '2025-09-04'),
(220, 323, 4, '2025-09-04', 0, '2025-09-04'),
(221, 306, 4, '2025-09-04', 0, '2025-09-04'),
(222, 324, 4, '2025-09-04', 1, '2025-09-04'),
(223, 325, 4, '2025-09-04', 1, '2025-09-04'),
(224, 326, 4, '2025-09-04', 0, '2025-09-04'),
(225, 327, 4, '2025-09-04', 0, '2025-09-04'),
(226, 328, 4, '2025-09-04', 0, '2025-09-04'),
(227, 329, 4, '2025-09-04', 0, '2025-09-04'),
(228, 330, 4, '2025-09-04', 0, '2025-09-04'),
(229, 331, 4, '2025-09-04', 0, '2025-09-04'),
(230, 332, 4, '2025-09-04', 0, '2025-09-04'),
(231, 333, 4, '2025-09-04', 0, '2025-09-04'),
(232, 307, 4, '2025-09-04', 0, '2025-09-04'),
(233, 334, 4, '2025-09-04', 0, '2025-09-04'),
(234, 335, 4, '2025-09-04', 0, '2025-09-04'),
(235, 336, 4, '2025-09-04', 0, '2025-09-04'),
(236, 337, 4, '2025-09-04', 0, '2025-09-04'),
(237, 338, 4, '2025-09-04', 0, '2025-09-04'),
(238, 339, 4, '2025-09-04', 0, '2025-09-04'),
(239, 340, 4, '2025-09-04', 0, '2025-09-04'),
(240, 341, 4, '2025-09-04', 0, '2025-09-04'),
(241, 342, 4, '2025-09-04', 0, '2025-09-04'),
(242, 343, 4, '2025-09-04', 0, '2025-09-04'),
(243, 308, 4, '2025-09-04', 0, '2025-09-04'),
(244, 344, 4, '2025-09-04', 0, '2025-09-04'),
(245, 345, 4, '2025-09-04', 0, '2025-09-04'),
(246, 346, 4, '2025-09-04', 0, '2025-09-04'),
(247, 347, 4, '2025-09-04', 0, '2025-09-04'),
(248, 348, 4, '2025-09-04', 0, '2025-09-04'),
(249, 349, 4, '2025-09-04', 0, '2025-09-04'),
(250, 350, 4, '2025-09-04', 0, '2025-09-04'),
(251, 351, 4, '2025-09-04', 0, '2025-09-04'),
(252, 352, 4, '2025-09-04', 0, '2025-09-04'),
(253, 353, 4, '2025-09-04', 0, '2025-09-04'),
(254, 309, 4, '2025-09-04', 0, '2025-09-04'),
(255, 354, 4, '2025-09-04', 0, '2025-09-04'),
(256, 355, 4, '2025-09-04', 0, '2025-09-04'),
(257, 356, 4, '2025-09-04', 0, '2025-09-04'),
(258, 357, 4, '2025-09-04', 0, '2025-09-04'),
(259, 358, 4, '2025-09-04', 0, '2025-09-04'),
(260, 359, 4, '2025-09-04', 0, '2025-09-04'),
(261, 360, 4, '2025-09-04', 0, '2025-09-04'),
(262, 361, 4, '2025-09-04', 0, '2025-09-04'),
(263, 362, 4, '2025-09-04', 0, '2025-09-04'),
(264, 363, 4, '2025-09-04', 0, '2025-09-04'),
(265, 310, 4, '2025-09-04', 0, '2025-09-04'),
(266, 364, 4, '2025-09-04', 0, '2025-09-04'),
(267, 365, 4, '2025-09-04', 0, '2025-09-04'),
(268, 366, 4, '2025-09-04', 0, '2025-09-04'),
(269, 367, 4, '2025-09-04', 0, '2025-09-04'),
(270, 368, 4, '2025-09-04', 0, '2025-09-04'),
(271, 369, 4, '2025-09-04', 0, '2025-09-04'),
(272, 370, 4, '2025-09-04', 0, '2025-09-04'),
(273, 371, 4, '2025-09-04', 0, '2025-09-04'),
(274, 372, 4, '2025-09-04', 0, '2025-09-04'),
(275, 373, 4, '2025-09-04', 0, '2025-09-04'),
(276, 311, 4, '2025-09-04', 0, '2025-09-04'),
(277, 374, 4, '2025-09-04', 0, '2025-09-04'),
(278, 375, 4, '2025-09-04', 0, '2025-09-04'),
(279, 376, 4, '2025-09-04', 0, '2025-09-04'),
(280, 377, 4, '2025-09-04', 0, '2025-09-04'),
(281, 378, 4, '2025-09-04', 0, '2025-09-04'),
(282, 379, 4, '2025-09-04', 0, '2025-09-04'),
(283, 380, 4, '2025-09-04', 0, '2025-09-04'),
(284, 381, 4, '2025-09-04', 0, '2025-09-04'),
(285, 382, 4, '2025-09-04', 0, '2025-09-04'),
(286, 383, 4, '2025-09-04', 0, '2025-09-04'),
(287, 312, 4, '2025-09-04', 0, '2025-09-04'),
(288, 384, 4, '2025-09-04', 0, '2025-09-04'),
(289, 385, 4, '2025-09-04', 0, '2025-09-04'),
(290, 386, 4, '2025-09-04', 0, '2025-09-04'),
(291, 387, 4, '2025-09-04', 0, '2025-09-04'),
(292, 388, 4, '2025-09-04', 0, '2025-09-04'),
(293, 389, 4, '2025-09-04', 0, '2025-09-04'),
(294, 390, 4, '2025-09-04', 0, '2025-09-04'),
(295, 391, 4, '2025-09-04', 0, '2025-09-04'),
(296, 392, 4, '2025-09-04', 0, '2025-09-04'),
(297, 393, 4, '2025-09-04', 0, '2025-09-04'),
(298, 313, 4, '2025-09-04', 0, '2025-09-04'),
(299, 394, 4, '2025-09-04', 0, '2025-09-04'),
(300, 395, 4, '2025-09-04', 0, '2025-09-04'),
(301, 396, 4, '2025-09-04', 0, '2025-09-04'),
(302, 397, 4, '2025-09-04', 0, '2025-09-04'),
(303, 398, 4, '2025-09-04', 0, '2025-09-04'),
(304, 399, 4, '2025-09-04', 0, '2025-09-04'),
(305, 400, 4, '2025-09-04', 0, '2025-09-04'),
(306, 401, 4, '2025-09-04', 0, '2025-09-04'),
(307, 402, 4, '2025-09-04', 0, '2025-09-04'),
(308, 403, 4, '2025-09-04', 0, '2025-09-04'),
(309, 4, 4, '2025-09-04', 0, '2025-09-04'),
(310, 5, 1, '2025-09-08', 1, '2025-09-08'),
(311, 14, 1, '2025-09-08', 1, '2025-09-08'),
(312, 104, 1, '2025-09-08', 1, '2025-09-08'),
(313, 15, 1, '2025-09-08', 1, '2025-09-08'),
(314, 16, 1, '2025-09-08', 1, '2025-09-08'),
(315, 17, 1, '2025-09-08', 1, '2025-09-08'),
(316, 18, 1, '2025-09-08', 1, '2025-09-08'),
(317, 19, 1, '2025-09-08', 1, '2025-09-08'),
(318, 20, 1, '2025-09-08', 1, '2025-09-08'),
(319, 21, 1, '2025-09-08', 1, '2025-09-08'),
(320, 22, 1, '2025-09-08', 1, '2025-09-08'),
(321, 23, 1, '2025-09-08', 1, '2025-09-08'),
(322, 6, 1, '2025-09-08', 1, '2025-09-08'),
(323, 24, 1, '2025-09-08', 1, '2025-09-08'),
(324, 25, 1, '2025-09-08', 1, '2025-09-08'),
(325, 26, 1, '2025-09-08', 1, '2025-09-08'),
(326, 27, 1, '2025-09-08', 1, '2025-09-08'),
(327, 28, 1, '2025-09-08', 1, '2025-09-08'),
(328, 29, 1, '2025-09-08', 1, '2025-09-08'),
(329, 30, 1, '2025-09-08', 1, '2025-09-08'),
(330, 31, 1, '2025-09-08', 1, '2025-09-08'),
(331, 32, 1, '2025-09-08', 1, '2025-09-08'),
(332, 33, 1, '2025-09-08', 1, '2025-09-08'),
(333, 7, 1, '2025-09-08', 1, '2025-09-08'),
(334, 34, 1, '2025-09-08', 1, '2025-09-08'),
(335, 35, 1, '2025-09-08', 1, '2025-09-08'),
(336, 36, 1, '2025-09-08', 1, '2025-09-08'),
(337, 37, 1, '2025-09-08', 1, '2025-09-08'),
(338, 38, 1, '2025-09-08', 1, '2025-09-08'),
(339, 39, 1, '2025-09-08', 1, '2025-09-08'),
(340, 40, 1, '2025-09-08', 1, '2025-09-08'),
(341, 41, 1, '2025-09-08', 1, '2025-09-08'),
(342, 42, 1, '2025-09-08', 1, '2025-09-08'),
(343, 43, 1, '2025-09-08', 1, '2025-09-08'),
(344, 8, 1, '2025-09-08', 1, '2025-09-08'),
(345, 44, 1, '2025-09-08', 1, '2025-09-08'),
(346, 45, 1, '2025-09-08', 1, '2025-09-08'),
(347, 46, 1, '2025-09-08', 1, '2025-09-08'),
(348, 47, 1, '2025-09-08', 1, '2025-09-08'),
(349, 48, 1, '2025-09-08', 1, '2025-09-08'),
(350, 49, 1, '2025-09-08', 1, '2025-09-08'),
(351, 50, 1, '2025-09-08', 1, '2025-09-08'),
(352, 51, 1, '2025-09-08', 1, '2025-09-08'),
(353, 52, 1, '2025-09-08', 1, '2025-09-08'),
(354, 53, 1, '2025-09-08', 1, '2025-09-08'),
(355, 9, 1, '2025-09-08', 1, '2025-09-08'),
(356, 54, 1, '2025-09-08', 1, '2025-09-08'),
(357, 55, 1, '2025-09-08', 1, '2025-09-08'),
(358, 56, 1, '2025-09-08', 1, '2025-09-08'),
(359, 57, 1, '2025-09-08', 1, '2025-09-08'),
(360, 58, 1, '2025-09-08', 1, '2025-09-08'),
(361, 59, 1, '2025-09-08', 1, '2025-09-08'),
(362, 60, 1, '2025-09-08', 1, '2025-09-08'),
(363, 61, 1, '2025-09-08', 1, '2025-09-08'),
(364, 62, 1, '2025-09-08', 1, '2025-09-08'),
(365, 63, 1, '2025-09-08', 1, '2025-09-08'),
(366, 10, 1, '2025-09-08', 1, '2025-09-08'),
(367, 64, 1, '2025-09-08', 1, '2025-09-08'),
(368, 65, 1, '2025-09-08', 1, '2025-09-08'),
(369, 66, 1, '2025-09-08', 1, '2025-09-08'),
(370, 67, 1, '2025-09-08', 1, '2025-09-08'),
(371, 68, 1, '2025-09-08', 1, '2025-09-08'),
(372, 69, 1, '2025-09-08', 1, '2025-09-08'),
(373, 70, 1, '2025-09-08', 1, '2025-09-08'),
(374, 71, 1, '2025-09-08', 1, '2025-09-08'),
(375, 72, 1, '2025-09-08', 1, '2025-09-08'),
(376, 73, 1, '2025-09-08', 1, '2025-09-08'),
(377, 11, 1, '2025-09-08', 1, '2025-09-08'),
(378, 74, 1, '2025-09-08', 1, '2025-09-08'),
(379, 75, 1, '2025-09-08', 1, '2025-09-08'),
(380, 76, 1, '2025-09-08', 1, '2025-09-08'),
(381, 77, 1, '2025-09-08', 1, '2025-09-08'),
(382, 78, 1, '2025-09-08', 1, '2025-09-08'),
(383, 79, 1, '2025-09-08', 1, '2025-09-08'),
(384, 80, 1, '2025-09-08', 1, '2025-09-08'),
(385, 81, 1, '2025-09-08', 1, '2025-09-08'),
(386, 82, 1, '2025-09-08', 1, '2025-09-08'),
(387, 83, 1, '2025-09-08', 1, '2025-09-08'),
(388, 12, 1, '2025-09-08', 1, '2025-09-08'),
(389, 84, 1, '2025-09-08', 1, '2025-09-08'),
(390, 85, 1, '2025-09-08', 1, '2025-09-08'),
(391, 86, 1, '2025-09-08', 1, '2025-09-08'),
(392, 87, 1, '2025-09-08', 1, '2025-09-08'),
(393, 88, 1, '2025-09-08', 1, '2025-09-08'),
(394, 89, 1, '2025-09-08', 1, '2025-09-08'),
(395, 90, 1, '2025-09-08', 1, '2025-09-08'),
(396, 91, 1, '2025-09-08', 1, '2025-09-08'),
(397, 92, 1, '2025-09-08', 1, '2025-09-08'),
(398, 93, 1, '2025-09-08', 1, '2025-09-08'),
(399, 13, 1, '2025-09-08', 1, '2025-09-08'),
(400, 94, 1, '2025-09-08', 1, '2025-09-08'),
(401, 95, 1, '2025-09-08', 1, '2025-09-08'),
(402, 96, 1, '2025-09-08', 1, '2025-09-08'),
(403, 97, 1, '2025-09-08', 1, '2025-09-08'),
(404, 98, 1, '2025-09-08', 1, '2025-09-08'),
(405, 99, 1, '2025-09-08', 1, '2025-09-08'),
(406, 100, 1, '2025-09-08', 1, '2025-09-08'),
(407, 101, 1, '2025-09-08', 1, '2025-09-08'),
(408, 102, 1, '2025-09-08', 1, '2025-09-08'),
(409, 103, 1, '2025-09-08', 1, '2025-09-08'),
(411, 406, 1, '2025-09-08', 1, '2025-09-08');

-- --------------------------------------------------------

--
-- Estructura de tabla para la tabla `carreras`
--

CREATE TABLE `carreras` (
  `id_carrera` int(10) UNSIGNED NOT NULL,
  `nombre` varchar(100) NOT NULL,
  `fecha_creacion` date NOT NULL DEFAULT curdate(),
  `fecha_movimiento` date NOT NULL DEFAULT curdate(),
  `usuarios_id_usuario_movimiento` int(10) UNSIGNED DEFAULT NULL,
  `usuarios_id_usuario_coordinador` int(10) UNSIGNED DEFAULT NULL
) ENGINE=InnoDB DEFAULT CHARSET=utf8mb4 COLLATE=utf8mb4_unicode_ci;

--
-- Volcado de datos para la tabla `carreras`
--

INSERT INTO `carreras` (`id_carrera`, `nombre`, `fecha_creacion`, `fecha_movimiento`, `usuarios_id_usuario_movimiento`, `usuarios_id_usuario_coordinador`) VALUES
(1, 'Ingeniería en Sistemas Computacionales', '2025-09-03', '2025-09-08', 10, 13),
(2, 'Ingeniería Industrial', '2025-09-03', '2025-09-03', 1, 3),
(3, 'Contaduría Públicaj', '2025-09-03', '2025-09-08', 10, 13),
(4, 'holamn', '2025-09-08', '2025-09-08', NULL, NULL),
(5, 'fasdf', '2025-09-08', '2025-09-08', NULL, NULL);

-- --------------------------------------------------------

--
-- Estructura de tabla para la tabla `grupos`
--

CREATE TABLE `grupos` (
  `id_grupo` int(10) UNSIGNED NOT NULL,
  `nombre` varchar(50) NOT NULL,
  `estatus` tinyint(4) NOT NULL DEFAULT 1 COMMENT '1=Activo, 0=Inactivo',
  `fecha_creacion` date NOT NULL DEFAULT curdate(),
  `fecha_movimiento` date NOT NULL DEFAULT curdate(),
  `usuarios_id_usuario_movimiento` int(10) UNSIGNED DEFAULT NULL,
  `usuarios_id_usuario_tutor` int(10) UNSIGNED DEFAULT NULL,
  `carreras_id_carrera` int(10) UNSIGNED NOT NULL,
  `modalidades_id_modalidad` int(10) UNSIGNED NOT NULL
) ENGINE=InnoDB DEFAULT CHARSET=utf8mb4 COLLATE=utf8mb4_unicode_ci;

--
-- Volcado de datos para la tabla `grupos`
--

INSERT INTO `grupos` (`id_grupo`, `nombre`, `estatus`, `fecha_creacion`, `fecha_movimiento`, `usuarios_id_usuario_movimiento`, `usuarios_id_usuario_tutor`, `carreras_id_carrera`, `modalidades_id_modalidad`) VALUES
(1, 'ISC-5A', 1, '2025-09-03', '2025-09-03', 1, 4, 1, 1),
(2, 'ISC-7B Sabatino', 1, '2025-09-03', '2025-09-03', 1, 5, 1, 2),
(3, 'IIN-3A', 1, '2025-09-03', '2025-09-03', 1, 5, 2, 1),
(4, 'LCP-1A', 1, '2025-09-03', '2025-09-03', 10, 12, 3, 3),
(5, 'Grupo1', 1, '2025-09-08', '2025-09-08', 10, 12, 1, 1),
(6, 'Diego', 1, '2025-09-08', '2025-09-08', 10, 12, 1, 1),
(7, 'dfsaf', 1, '2025-09-08', '2025-09-08', 10, 12, 5, 2);

-- --------------------------------------------------------

--
-- Estructura de tabla para la tabla `modalidades`
--

CREATE TABLE `modalidades` (
  `id_modalidad` int(10) UNSIGNED NOT NULL,
  `nombre` varchar(100) NOT NULL
) ENGINE=InnoDB DEFAULT CHARSET=utf8mb4 COLLATE=utf8mb4_unicode_ci;

--
-- Volcado de datos para la tabla `modalidades`
--

INSERT INTO `modalidades` (`id_modalidad`, `nombre`) VALUES
(1, 'Escolarizado'),
(2, 'Sabatino'),
(3, 'Virtual');

-- --------------------------------------------------------

--
-- Estructura de tabla para la tabla `niveles_usuarios`
--

CREATE TABLE `niveles_usuarios` (
  `id_nivel_usuario` int(10) UNSIGNED NOT NULL,
  `nombre` varchar(80) NOT NULL,
  `descripcion` varchar(255) DEFAULT NULL
) ENGINE=InnoDB DEFAULT CHARSET=utf8mb4 COLLATE=utf8mb4_unicode_ci;

--
-- Volcado de datos para la tabla `niveles_usuarios`
--

INSERT INTO `niveles_usuarios` (`id_nivel_usuario`, `nombre`, `descripcion`) VALUES
(1, 'Administrador', 'Acceso total al sistema'),
(2, 'Coordinador', 'Gestiona carreras y tutores'),
(3, 'Tutor', 'Da seguimiento a los alumnos de sus grupos'),
(4, 'Alumno', 'Acceso de solo consulta a su información');

-- --------------------------------------------------------

--
-- Estructura de tabla para la tabla `seguimientos`
--

CREATE TABLE `seguimientos` (
  `id_seguimiento` bigint(20) UNSIGNED NOT NULL,
  `descripcion` text NOT NULL,
  `estatus` tinyint(4) NOT NULL DEFAULT 1 COMMENT '1=Abierto, 2=En Progreso, 3=Cerrado',
  `fecha_creacion` date NOT NULL DEFAULT curdate(),
  `fecha_movimiento` date NOT NULL DEFAULT curdate(),
  `fecha_compromiso` date DEFAULT NULL,
  `usuarios_id_usuario_movimiento` int(10) UNSIGNED DEFAULT NULL,
  `alumnos_id_alumno` int(10) UNSIGNED NOT NULL,
  `tutor_id` int(10) UNSIGNED DEFAULT NULL,
  `tipo_seguimiento_id` int(10) UNSIGNED DEFAULT NULL
) ENGINE=InnoDB DEFAULT CHARSET=utf8mb4 COLLATE=utf8mb4_unicode_ci;

--
-- Volcado de datos para la tabla `seguimientos`
--

INSERT INTO `seguimientos` (`id_seguimiento`, `descripcion`, `estatus`, `fecha_creacion`, `fecha_movimiento`, `fecha_compromiso`, `usuarios_id_usuario_movimiento`, `alumnos_id_alumno`, `tutor_id`, `tipo_seguimiento_id`) VALUES
(2, 'Luisa Morales ha solicitado información sobre becas. Se le proporcionó el contacto del departamento financiero.', 3, '2025-09-03', '2025-09-03', NULL, 1, 4, 6, 3),
(3, 'FSADFSAD', 1, '2025-09-03', '2025-09-03', '2025-09-10', 1, 305, NULL, 1),
(4, 'no', 1, '2025-09-03', '2025-09-03', '2025-09-30', 1, 305, NULL, 1),
(5, 'hola mundo', 1, '2025-09-04', '2025-09-04', '2024-09-21', 3, 205, NULL, 4),
(6, 'seguimiento numero 1', 3, '2025-09-08', '2025-09-08', '2025-09-21', 12, 407, 12, 1),
(7, 'esta tonto', 1, '2025-09-09', '2025-09-09', '2025-12-21', 10, 4, NULL, 1),
(8, 'fasdf', 1, '2025-09-09', '2025-09-09', '2024-09-21', 10, 4, NULL, 1),
(9, 'fasdf', 1, '2025-09-09', '2025-09-09', '2024-09-21', 10, 4, NULL, 1),
(10, 'asfsad', 1, '2025-09-09', '2025-09-09', '2025-09-21', 10, 407, NULL, 1);

-- --------------------------------------------------------

--
-- Estructura de tabla para la tabla `tipo_seguimiento`
--

CREATE TABLE `tipo_seguimiento` (
  `id_tipo_seguimiento` int(10) UNSIGNED NOT NULL,
  `nombre` varchar(100) NOT NULL
) ENGINE=InnoDB DEFAULT CHARSET=utf8mb4 COLLATE=utf8mb4_unicode_ci;

--
-- Volcado de datos para la tabla `tipo_seguimiento`
--

INSERT INTO `tipo_seguimiento` (`id_tipo_seguimiento`, `nombre`) VALUES
(1, 'Académico'),
(4, 'Conductual'),
(3, 'Financiero');

-- --------------------------------------------------------

--
-- Estructura de tabla para la tabla `usuarios`
--

CREATE TABLE `usuarios` (
  `id_usuario` int(10) UNSIGNED NOT NULL,
  `nombre` varchar(80) NOT NULL,
  `apellido_paterno` varchar(50) NOT NULL,
  `apellido_materno` varchar(50) DEFAULT NULL,
  `email` varchar(100) NOT NULL,
  `password` varchar(255) NOT NULL COMMENT 'Almacenar siempre como hash, nunca texto plano',
  `estatus` tinyint(4) NOT NULL DEFAULT 1 COMMENT '1=Activo, 0=Inactivo',
  `fecha_creacion` date NOT NULL DEFAULT curdate(),
  `fecha_movimiento` date NOT NULL DEFAULT curdate(),
  `usuarios_id_usuario_movimiento` int(10) UNSIGNED DEFAULT NULL,
  `niveles_usuarios_id_nivel_usuario` int(10) UNSIGNED NOT NULL
) ENGINE=InnoDB DEFAULT CHARSET=utf8mb4 COLLATE=utf8mb4_unicode_ci;

--
-- Volcado de datos para la tabla `usuarios`
--

INSERT INTO `usuarios` (`id_usuario`, `nombre`, `apellido_paterno`, `apellido_materno`, `email`, `password`, `estatus`, `fecha_creacion`, `fecha_movimiento`, `usuarios_id_usuario_movimiento`, `niveles_usuarios_id_nivel_usuario`) VALUES
(1, '1', '1', '1', '1', 'password123', 1, '2025-09-03', '2025-09-03', 1, 1),
(3, '1', '1', '1', '1', 'password123', 1, '2025-09-03', '2025-09-03', 1, 1),
(4, '1', '1', '1', '1', 'password123', 0, '2025-09-03', '2025-09-03', 1, 1),
(5, '1', '1', '1', '1', 'password123', 1, '2025-09-03', '2025-09-03', 1, 1),
(6, '1', '1', '1', '1@1dddd', 'password123', 1, '2025-09-03', '2025-09-03', 1, 1),
(10, 'Diego', 'Audelo', 'Salas', 'diegoaudelopersonal@gmail.com', '$2y$10$2P0xT/0DNgx1iXQB7bChjeBfmILeHbTP181rKI/Uhnaxx8H1LG7Cu', 1, '2025-09-08', '2025-09-08', 6, 1),
(12, 'tutor1', 'a', 'a', 'tutor@uno.com', '$2y$10$3eByn8osnwbrrA10IcXlbuaWxXjD4P5VF61oTsYOMtVjFhJiTHCbu', 0, '2025-09-08', '2025-09-08', 10, 3),
(13, 'Diego', 'Audelo', 'Salasd', 'diegoaudelopersonal@gmail.comddd', '$2y$10$a3/xUZsgbkSQ566l85fpPOJ85eTwFOhlKkoUQ18bQWUu7yLhXw6Xy', 1, '2025-09-08', '2025-09-08', 10, 2),
(17, 'luz', 'audelo', 'salas', 'luzrenatha@hotmail.com', '$2y$10$KDSlUL6diOPuza7eUJk9.uZFfqesSJCblySaKogqh3s3NcMUkKKai', 1, '2025-09-09', '2025-09-09', 10, 3);

--
-- Índices para tablas volcadas
--

--
-- Indices de la tabla `alumnos`
--
ALTER TABLE `alumnos`
  ADD PRIMARY KEY (`id_alumno`),
  ADD UNIQUE KEY `matricula` (`matricula`),
  ADD KEY `fk_alumnos_usuario_movimiento` (`usuarios_id_usuario_movimiento`),
  ADD KEY `fk_alumnos_carreras` (`carreras_id_carrera`),
  ADD KEY `fk_alumnos_grupos` (`grupos_id_grupo`);

--
-- Indices de la tabla `asistencias`
--
ALTER TABLE `asistencias`
  ADD PRIMARY KEY (`id`),
  ADD UNIQUE KEY `asistencia_unica` (`id_alumno`,`fecha`,`id_grupo`) USING BTREE,
  ADD KEY `id_grupo` (`id_grupo`);

--
-- Indices de la tabla `carreras`
--
ALTER TABLE `carreras`
  ADD PRIMARY KEY (`id_carrera`),
  ADD UNIQUE KEY `nombre` (`nombre`),
  ADD KEY `fk_carreras_usuario_movimiento` (`usuarios_id_usuario_movimiento`),
  ADD KEY `fk_carreras_usuario_coordinador` (`usuarios_id_usuario_coordinador`);

--
-- Indices de la tabla `grupos`
--
ALTER TABLE `grupos`
  ADD PRIMARY KEY (`id_grupo`),
  ADD KEY `fk_grupos_usuario_movimiento` (`usuarios_id_usuario_movimiento`),
  ADD KEY `fk_grupos_usuario_tutor` (`usuarios_id_usuario_tutor`),
  ADD KEY `fk_grupos_carreras` (`carreras_id_carrera`),
  ADD KEY `fk_grupos_modalidades` (`modalidades_id_modalidad`);

--
-- Indices de la tabla `modalidades`
--
ALTER TABLE `modalidades`
  ADD PRIMARY KEY (`id_modalidad`),
  ADD UNIQUE KEY `nombre` (`nombre`);

--
-- Indices de la tabla `niveles_usuarios`
--
ALTER TABLE `niveles_usuarios`
  ADD PRIMARY KEY (`id_nivel_usuario`),
  ADD UNIQUE KEY `nombre` (`nombre`);

--
-- Indices de la tabla `seguimientos`
--
ALTER TABLE `seguimientos`
  ADD PRIMARY KEY (`id_seguimiento`),
  ADD KEY `fk_seguimientos_usuario_movimiento` (`usuarios_id_usuario_movimiento`),
  ADD KEY `fk_seguimientos_alumnos` (`alumnos_id_alumno`),
  ADD KEY `fk_seguimientos_tipo` (`tipo_seguimiento_id`),
  ADD KEY `fk_seguimientos_tutor` (`tutor_id`);

--
-- Indices de la tabla `tipo_seguimiento`
--
ALTER TABLE `tipo_seguimiento`
  ADD PRIMARY KEY (`id_tipo_seguimiento`),
  ADD UNIQUE KEY `nombre` (`nombre`);

--
-- Indices de la tabla `usuarios`
--
ALTER TABLE `usuarios`
  ADD PRIMARY KEY (`id_usuario`),
  ADD KEY `fk_usuarios_niveles` (`niveles_usuarios_id_nivel_usuario`),
  ADD KEY `fk_usuarios_self_movimiento` (`usuarios_id_usuario_movimiento`);

--
-- AUTO_INCREMENT de las tablas volcadas
--

--
-- AUTO_INCREMENT de la tabla `alumnos`
--
ALTER TABLE `alumnos`
  MODIFY `id_alumno` int(10) UNSIGNED NOT NULL AUTO_INCREMENT, AUTO_INCREMENT=409;

--
-- AUTO_INCREMENT de la tabla `asistencias`
--
ALTER TABLE `asistencias`
  MODIFY `id` int(10) UNSIGNED NOT NULL AUTO_INCREMENT, AUTO_INCREMENT=412;

--
-- AUTO_INCREMENT de la tabla `carreras`
--
ALTER TABLE `carreras`
  MODIFY `id_carrera` int(10) UNSIGNED NOT NULL AUTO_INCREMENT, AUTO_INCREMENT=6;

--
-- AUTO_INCREMENT de la tabla `grupos`
--
ALTER TABLE `grupos`
  MODIFY `id_grupo` int(10) UNSIGNED NOT NULL AUTO_INCREMENT, AUTO_INCREMENT=8;

--
-- AUTO_INCREMENT de la tabla `modalidades`
--
ALTER TABLE `modalidades`
  MODIFY `id_modalidad` int(10) UNSIGNED NOT NULL AUTO_INCREMENT, AUTO_INCREMENT=4;

--
-- AUTO_INCREMENT de la tabla `niveles_usuarios`
--
ALTER TABLE `niveles_usuarios`
  MODIFY `id_nivel_usuario` int(10) UNSIGNED NOT NULL AUTO_INCREMENT, AUTO_INCREMENT=5;

--
-- AUTO_INCREMENT de la tabla `seguimientos`
--
ALTER TABLE `seguimientos`
  MODIFY `id_seguimiento` bigint(20) UNSIGNED NOT NULL AUTO_INCREMENT, AUTO_INCREMENT=11;

--
-- AUTO_INCREMENT de la tabla `tipo_seguimiento`
--
ALTER TABLE `tipo_seguimiento`
  MODIFY `id_tipo_seguimiento` int(10) UNSIGNED NOT NULL AUTO_INCREMENT, AUTO_INCREMENT=6;

--
-- AUTO_INCREMENT de la tabla `usuarios`
--
ALTER TABLE `usuarios`
  MODIFY `id_usuario` int(10) UNSIGNED NOT NULL AUTO_INCREMENT, AUTO_INCREMENT=18;

--
-- Restricciones para tablas volcadas
--

--
-- Filtros para la tabla `alumnos`
--
ALTER TABLE `alumnos`
  ADD CONSTRAINT `fk_alumnos_carreras` FOREIGN KEY (`carreras_id_carrera`) REFERENCES `carreras` (`id_carrera`),
  ADD CONSTRAINT `fk_alumnos_grupos` FOREIGN KEY (`grupos_id_grupo`) REFERENCES `grupos` (`id_grupo`),
  ADD CONSTRAINT `fk_alumnos_usuario_movimiento` FOREIGN KEY (`usuarios_id_usuario_movimiento`) REFERENCES `usuarios` (`id_usuario`);

--
-- Filtros para la tabla `asistencias`
--
ALTER TABLE `asistencias`
  ADD CONSTRAINT `asistencias_ibfk_1` FOREIGN KEY (`id_alumno`) REFERENCES `alumnos` (`id_alumno`) ON DELETE CASCADE,
  ADD CONSTRAINT `asistencias_ibfk_2` FOREIGN KEY (`id_grupo`) REFERENCES `grupos` (`id_grupo`) ON DELETE CASCADE;

--
-- Filtros para la tabla `carreras`
--
ALTER TABLE `carreras`
  ADD CONSTRAINT `fk_carreras_usuario_coordinador` FOREIGN KEY (`usuarios_id_usuario_coordinador`) REFERENCES `usuarios` (`id_usuario`),
  ADD CONSTRAINT `fk_carreras_usuario_movimiento` FOREIGN KEY (`usuarios_id_usuario_movimiento`) REFERENCES `usuarios` (`id_usuario`);

--
-- Filtros para la tabla `grupos`
--
ALTER TABLE `grupos`
  ADD CONSTRAINT `fk_grupos_carreras` FOREIGN KEY (`carreras_id_carrera`) REFERENCES `carreras` (`id_carrera`),
  ADD CONSTRAINT `fk_grupos_modalidades` FOREIGN KEY (`modalidades_id_modalidad`) REFERENCES `modalidades` (`id_modalidad`),
  ADD CONSTRAINT `fk_grupos_usuario_movimiento` FOREIGN KEY (`usuarios_id_usuario_movimiento`) REFERENCES `usuarios` (`id_usuario`),
  ADD CONSTRAINT `fk_grupos_usuario_tutor` FOREIGN KEY (`usuarios_id_usuario_tutor`) REFERENCES `usuarios` (`id_usuario`);

--
-- Filtros para la tabla `seguimientos`
--
ALTER TABLE `seguimientos`
  ADD CONSTRAINT `fk_seguimientos_alumnos` FOREIGN KEY (`alumnos_id_alumno`) REFERENCES `alumnos` (`id_alumno`) ON DELETE CASCADE,
  ADD CONSTRAINT `fk_seguimientos_tipo` FOREIGN KEY (`tipo_seguimiento_id`) REFERENCES `tipo_seguimiento` (`id_tipo_seguimiento`),
  ADD CONSTRAINT `fk_seguimientos_tutor` FOREIGN KEY (`tutor_id`) REFERENCES `usuarios` (`id_usuario`),
  ADD CONSTRAINT `fk_seguimientos_usuario_movimiento` FOREIGN KEY (`usuarios_id_usuario_movimiento`) REFERENCES `usuarios` (`id_usuario`);

--
-- Filtros para la tabla `usuarios`
--
ALTER TABLE `usuarios`
  ADD CONSTRAINT `fk_usuarios_niveles` FOREIGN KEY (`niveles_usuarios_id_nivel_usuario`) REFERENCES `niveles_usuarios` (`id_nivel_usuario`),
  ADD CONSTRAINT `fk_usuarios_self_movimiento` FOREIGN KEY (`usuarios_id_usuario_movimiento`) REFERENCES `usuarios` (`id_usuario`);
COMMIT;

/*!40101 SET CHARACTER_SET_CLIENT=@OLD_CHARACTER_SET_CLIENT */;
/*!40101 SET CHARACTER_SET_RESULTS=@OLD_CHARACTER_SET_RESULTS */;
/*!40101 SET COLLATION_CONNECTION=@OLD_COLLATION_CONNECTION */;
